annotation_id,tank_id,session_id,behaviour,start_time,end_time,duration_seconds,annotator,annotation_source,confidence_or_notes
1,B-1,,Normal,2026-04-23 10:30:00,2026-04-23 10:40:00,600,,00118_Acoustique_Poisson_2026-07-27.xlsx,nan
2,B-2,,Normal,2026-04-23 10:30:00,2026-04-23 10:40:00,600,,00118_Acoustique_Poisson_2026-07-27.xlsx,nan
3,B-2,,Other,2026-04-23 10:30:00,2026-04-23 10:40:00,600,,00118_Acoustique_Poisson_2026-07-27.xlsx,nan
4,B-3,,Normal,2026-04-23 10:30:00,2026-04-23 10:40:00,600,,00118_Acoustique_Poisson_2026-07-27.xlsx,REGROUPEMENT SOUS L'ARRIVÉE D'EAU
5,B-4,,Normal,2026-04-23 10:30:00,2026-04-23 10:40:00,600,,00118_Acoustique_Poisson_2026-07-27.xlsx,RÉACTIF
6,B-4,,Other,2026-04-23 10:30:00,2026-04-23 10:40:00,600,,00118_Acoustique_Poisson_2026-07-27.xlsx,nan
7,B-1,,Other,2026-04-23 10:45:00,2026-04-23 10:55:00,600,,00118_Acoustique_Poisson_2026-07-27.xlsx,AGITATION ET BONNE ALIMENTATION
8,B-1,,Agitation,2026-04-23 10:45:00,2026-04-23 10:55:00,600,,00118_Acoustique_Poisson_2026-07-27.xlsx,nan
9,B-2,,Other,2026-04-23 10:45:00,2026-04-23 10:55:00,600,,00118_Acoustique_Poisson_2026-07-27.xlsx,BONNE ALIMENTATION SAUT /AGITATION
10,B-2,,Agitation,2026-04-23 10:45:00,2026-04-23 10:55:00,600,,00118_Acoustique_Poisson_2026-07-27.xlsx,nan
11,B-3,,Normal,2026-04-23 10:45:00,2026-04-23 10:55:00,600,,00118_Acoustique_Poisson_2026-07-27.xlsx,AUCUNE RÉACTION ET ALIMENTATION 
12,B-3,,Other,2026-04-23 10:45:00,2026-04-23 10:55:00,600,,00118_Acoustique_Poisson_2026-07-27.xlsx,SAUT ET ALIMENTATION A1
13,nan,,Agitation,2026-04-23 10:45:00,2026-04-23 10:55:00,600,,00118_Acoustique_Poisson_2026-07-27.xlsx,nan
14,B-1,,Normal,2026-04-23 12:00:00,2026-04-23 12:10:00,600,,00118_Acoustique_Poisson_2026-07-27.xlsx,nan
15,B-2,,Normal,2026-04-23 12:00:00,2026-04-23 12:10:00,600,,00118_Acoustique_Poisson_2026-07-27.xlsx,nan
16,B-2,,Clustering,2026-04-23 12:00:00,2026-04-23 12:10:00,600,,00118_Acoustique_Poisson_2026-07-27.xlsx,nan
17,B-3,,Normal,2026-04-23 12:00:00,2026-04-23 12:10:00,600,,00118_Acoustique_Poisson_2026-07-27.xlsx,nan
18,B-4,,Normal,2026-04-23 12:00:00,2026-04-23 12:10:00,600,,00118_Acoustique_Poisson_2026-07-27.xlsx,LÉGÈERE AGITATION 
19,B-4,,Agitation,2026-04-23 12:00:00,2026-04-23 12:10:00,600,,00118_Acoustique_Poisson_2026-07-27.xlsx,nan
20,B-1,,Other,2026-04-23 12:25:00,2026-04-23 12:35:00,600,,00118_Acoustique_Poisson_2026-07-27.xlsx,SAUT ET FRÉNÉSIE BONNE ALIMENTATION
21,B-1,,Agitation,2026-04-23 12:25:00,2026-04-23 12:35:00,600,,00118_Acoustique_Poisson_2026-07-27.xlsx,nan
22,B-3,,Normal,2026-04-23 12:25:00,2026-04-23 12:35:00,600,,00118_Acoustique_Poisson_2026-07-27.xlsx,PAS ALIMENTATION RESTE CALME NE MANGE PAS
23,B-1,,Normal,2026-04-23 13:50:00,2026-04-23 14:00:00,600,,00118_Acoustique_Poisson_2026-07-27.xlsx,REGROUPEMENT AU FOND
24,B-1,,Clustering,2026-04-23 13:50:00,2026-04-23 14:00:00,600,,00118_Acoustique_Poisson_2026-07-27.xlsx,nan
25,B-2,,Normal,2026-04-23 13:50:00,2026-04-23 14:00:00,600,,00118_Acoustique_Poisson_2026-07-27.xlsx,DISPERSÉ AU FOND NOURRITURE EN SURFACE
26,B-3,,Normal,2026-04-23 13:50:00,2026-04-23 14:00:00,600,,00118_Acoustique_Poisson_2026-07-27.xlsx,REGROUPÉ AU FOND
27,B-3,,Clustering,2026-04-23 13:50:00,2026-04-23 14:00:00,600,,00118_Acoustique_Poisson_2026-07-27.xlsx,nan
28,B-4,,Normal,2026-04-23 13:50:00,2026-04-23 14:00:00,600,,00118_Acoustique_Poisson_2026-07-27.xlsx,SAUT POUR 2 POISSONS  P1 NOURRITURE EN SURFACE
29,B-4,,Clustering,2026-04-23 13:50:00,2026-04-23 14:00:00,600,,00118_Acoustique_Poisson_2026-07-27.xlsx,nan
30,B-1,,Normal,2026-04-23 14:05:00,2026-04-23 14:15:00,600,,00118_Acoustique_Poisson_2026-07-27.xlsx,14:09 P3 CAR ME SUIS APPROCHÉ TROP PRÊT
31,B-1,,Clustering,2026-04-23 14:05:00,2026-04-23 14:15:00,600,,00118_Acoustique_Poisson_2026-07-27.xlsx,nan
32,B-2,,Normal,2026-04-23 14:05:00,2026-04-23 14:15:00,600,,00118_Acoustique_Poisson_2026-07-27.xlsx,nan
33,B-2,,Clustering,2026-04-23 14:05:00,2026-04-23 14:15:00,600,,00118_Acoustique_Poisson_2026-07-27.xlsx,nan
34,B-3,,Normal,2026-04-23 14:05:00,2026-04-23 14:15:00,600,,00118_Acoustique_Poisson_2026-07-27.xlsx,POISSON EN FUITE QUAND JE ME SUIS APPROCHÉE
35,B-3,,Clustering,2026-04-23 14:05:00,2026-04-23 14:15:00,600,,00118_Acoustique_Poisson_2026-07-27.xlsx,nan
36,B-4,,Normal,2026-04-23 14:05:00,2026-04-23 14:15:00,600,,00118_Acoustique_Poisson_2026-07-27.xlsx,SAUF 2 POISSONS SÉPARÉS
37,B-4,,Clustering,2026-04-23 14:05:00,2026-04-23 14:15:00,600,,00118_Acoustique_Poisson_2026-07-27.xlsx,nan
38,B-1,,Normal,2026-04-24 08:50:00,2026-04-24 09:00:00,600,,00118_Acoustique_Poisson_2026-07-27.xlsx,REGROUPEMENT AU FOND
39,B-2,,Normal,2026-04-24 08:50:00,2026-04-24 09:00:00,600,,00118_Acoustique_Poisson_2026-07-27.xlsx,LÉGER EXCITATION  POISSON MALADE 
40,B-2,,Agitation,2026-04-24 08:50:00,2026-04-24 09:00:00,600,,00118_Acoustique_Poisson_2026-07-27.xlsx,nan
41,B-3,,Normal,2026-04-24 08:50:00,2026-04-24 09:00:00,600,,00118_Acoustique_Poisson_2026-07-27.xlsx,CONCENTRATION POISSON
42,B-3,,Clustering,2026-04-24 08:50:00,2026-04-24 09:00:00,600,,00118_Acoustique_Poisson_2026-07-27.xlsx,nan
43,B-4,,Normal,2026-04-24 08:50:00,2026-04-24 09:00:00,600,,00118_Acoustique_Poisson_2026-07-27.xlsx,POISSON EN SURFACE
44,B-1,,Normal,2026-04-24 09:05:00,2026-04-24 09:10:00,300,,00118_Acoustique_Poisson_2026-07-27.xlsx,PAS LAIMENTATION
45,B-2,,Agitation,2026-04-24 09:05:00,2026-04-24 09:10:00,300,,00118_Acoustique_Poisson_2026-07-27.xlsx,BONNE ALIMENTATION SAUT EN SURFACE
46,B-2,,Other,2026-04-24 09:05:00,2026-04-24 09:10:00,300,,00118_Acoustique_Poisson_2026-07-27.xlsx,nan
47,B-3,,Normal,2026-04-24 09:05:00,2026-04-24 09:10:00,300,,00118_Acoustique_Poisson_2026-07-27.xlsx,PAS DE RÉACTION LÉGER AGITATION
48,B-3,,Agitation,2026-04-24 09:05:00,2026-04-24 09:10:00,300,,00118_Acoustique_Poisson_2026-07-27.xlsx,nan
49,B-4,,Normal,2026-04-24 09:05:00,2026-04-24 09:10:00,300,,00118_Acoustique_Poisson_2026-07-27.xlsx,QUELQUES MOUES DE BRASSAGES EN SURFACE MAIS CALME
50,B-4,,Agitation,2026-04-24 09:05:00,2026-04-24 09:10:00,300,,00118_Acoustique_Poisson_2026-07-27.xlsx,nan
51,B-1,,Normal,2026-04-26 09:50:00,2026-04-26 10:00:00,600,,00118_Acoustique_Poisson_2026-07-27.xlsx,MANQUE DE LUMIÈRE STRESS ET RÉACTIF
52,B-1,,Agitation,2026-04-26 09:50:00,2026-04-26 10:00:00,600,,00118_Acoustique_Poisson_2026-07-27.xlsx,nan
53,B-2,,Normal,2026-04-26 09:50:00,2026-04-26 10:00:00,600,,00118_Acoustique_Poisson_2026-07-27.xlsx,MANQUE DE LUMIÈRE STRESS ET RÉACTIF
54,B-2,,Agitation,2026-04-26 09:50:00,2026-04-26 10:00:00,600,,00118_Acoustique_Poisson_2026-07-27.xlsx,nan
55,B-2,,Other,2026-04-26 09:50:00,2026-04-26 10:00:00,600,,00118_Acoustique_Poisson_2026-07-27.xlsx,nan
56,B-3,,Normal,2026-04-26 09:50:00,2026-04-26 10:00:00,600,,00118_Acoustique_Poisson_2026-07-27.xlsx,NORMAL
57,B-4,,Normal,2026-04-26 09:50:00,2026-04-26 10:00:00,600,,00118_Acoustique_Poisson_2026-07-27.xlsx,AGITATION LÈGÈRE
58,B-1,,Normal,2026-04-26 10:05:00,2026-04-26 10:15:00,600,,00118_Acoustique_Poisson_2026-07-27.xlsx,LÈGÈRE ALIMEMNTATION PEU DE FRÉNÉSIE
59,B-2,,Normal,2026-04-26 10:05:00,2026-04-26 10:15:00,600,,00118_Acoustique_Poisson_2026-07-27.xlsx,LÉGÈRE ALIMENTATION MONTÉE EN SURFACE DOUCEMENT
60,B-3,,Normal,2026-04-26 10:05:00,2026-04-26 10:15:00,600,,00118_Acoustique_Poisson_2026-07-27.xlsx,AUCUNE ALIMENTATION OBSERVER PEU AGITÉ
61,B-4,,Agitation,2026-04-26 10:05:00,2026-04-26 10:15:00,600,,00118_Acoustique_Poisson_2026-07-27.xlsx,SAUT EST BONNE ALIMENTATION
62,B-4,,Other,2026-04-26 10:05:00,2026-04-26 10:15:00,600,,00118_Acoustique_Poisson_2026-07-27.xlsx,nan
63,B-1,,Normal,2026-04-26 11:30:00,2026-04-26 11:40:00,600,,00118_Acoustique_Poisson_2026-07-27.xlsx,POISSON TOUS ENSEMBLE SOUS L'ARRIVÉÉ D'EAU 
64,B-1,,Clustering,2026-04-26 11:30:00,2026-04-26 11:40:00,600,,00118_Acoustique_Poisson_2026-07-27.xlsx,nan
65,B-2,,Normal,2026-04-26 11:30:00,2026-04-26 11:40:00,600,,00118_Acoustique_Poisson_2026-07-27.xlsx,EN SURFACE
66,B-3,,Normal,2026-04-26 11:30:00,2026-04-26 11:40:00,600,,00118_Acoustique_Poisson_2026-07-27.xlsx,EN SURFACE
67,B-4,,Normal,2026-04-26 11:30:00,2026-04-26 11:40:00,600,,00118_Acoustique_Poisson_2026-07-27.xlsx,EN SURFACE
68,B-1,,Normal,2026-04-26 11:45:00,2026-04-26 11:55:00,600,,00118_Acoustique_Poisson_2026-07-27.xlsx,RÉACTION À LA NOURRITURE MODERE
69,B-1,,Agitation,2026-04-26 11:45:00,2026-04-26 11:55:00,600,,00118_Acoustique_Poisson_2026-07-27.xlsx,nan
70,B-2,,Normal,2026-04-26 11:45:00,2026-04-26 11:55:00,600,,00118_Acoustique_Poisson_2026-07-27.xlsx,RÉACTION À LA NOURRITURE MODERE B-1 MONTE BIEN EN SURFACE EXCITÉ
71,B-2,,Agitation,2026-04-26 11:45:00,2026-04-26 11:55:00,600,,00118_Acoustique_Poisson_2026-07-27.xlsx,nan
72,B-3,,Agitation,2026-04-26 11:45:00,2026-04-26 11:55:00,600,,00118_Acoustique_Poisson_2026-07-27.xlsx,MANGE BIEN SONT EXCITÉ
73,B-4,,Agitation,2026-04-26 11:45:00,2026-04-26 11:55:00,600,,00118_Acoustique_Poisson_2026-07-27.xlsx,MANGE BIEN FRÉNÉSIE
74,B-1,,Normal,2026-04-26 09:30:00,2026-04-26 09:40:00,600,,00118_Acoustique_Poisson_2026-07-27.xlsx,nan
75,B-1,,Clustering,2026-04-26 09:30:00,2026-04-26 09:40:00,600,,00118_Acoustique_Poisson_2026-07-27.xlsx,nan
76,B-2,,Normal,2026-04-26 13:10:00,2026-04-26 13:20:00,600,,00118_Acoustique_Poisson_2026-07-27.xlsx,REGROUPÉ EN SURFACE
77,B-2,,Clustering,2026-04-26 13:10:00,2026-04-26 13:20:00,600,,00118_Acoustique_Poisson_2026-07-27.xlsx,nan
78,B-2,,Normal,2026-04-26 13:10:00,2026-04-26 13:20:00,600,,00118_Acoustique_Poisson_2026-07-27.xlsx,nan
79,B-3,,Normal,2026-04-26 13:10:00,2026-04-26 13:20:00,600,,00118_Acoustique_Poisson_2026-07-27.xlsx,nan
80,B-4,,Normal,2026-04-26 13:10:00,2026-04-26 13:20:00,600,,00118_Acoustique_Poisson_2026-07-27.xlsx,EN SURFACE
81,B-1,,Agitation,2026-04-26 13:25:00,2026-04-26 13:35:00,600,,00118_Acoustique_Poisson_2026-07-27.xlsx,MANGE PEUX MAIS AGITÉ
82,B-2,,Agitation,2026-04-26 13:25:00,2026-04-26 13:35:00,600,,00118_Acoustique_Poisson_2026-07-27.xlsx,MANGE PEU MAIS CALME
83,B-3,,Agitation,2026-04-26 13:25:00,2026-04-26 13:35:00,600,,00118_Acoustique_Poisson_2026-07-27.xlsx,"AGITÉ, MANGE BIEN"
84,B-3,,Other,2026-04-26 13:25:00,2026-04-26 13:35:00,600,,00118_Acoustique_Poisson_2026-07-27.xlsx,nan
85,B-4,,Agitation,2026-04-26 13:25:00,2026-04-26 13:35:00,600,,00118_Acoustique_Poisson_2026-07-27.xlsx,MANGE TRÈS BIEN MONTE EN SURFACE CALMEMENT
86,B-4,,Other,2026-04-26 13:25:00,2026-04-26 13:35:00,600,,00118_Acoustique_Poisson_2026-07-27.xlsx,nan
87,B-1,,Normal,2026-04-26 14:50:00,2026-04-26 15:00:00,600,,00118_Acoustique_Poisson_2026-07-27.xlsx,POISSON CALME
88,B-2,,Normal,2026-04-26 14:50:00,2026-04-26 15:00:00,600,,00118_Acoustique_Poisson_2026-07-27.xlsx,CALME
89,B-3,,Normal,2026-04-26 14:50:00,2026-04-26 15:00:00,600,,00118_Acoustique_Poisson_2026-07-27.xlsx,CALME EN SURFACE
90,B-4,,Normal,2026-04-26 14:50:00,2026-04-26 15:00:00,600,,00118_Acoustique_Poisson_2026-07-27.xlsx,CALME EN SURFACE
91,B-1,,Normal,2026-04-26 15:05:00,2026-04-26 15:15:00,600,,00118_Acoustique_Poisson_2026-07-27.xlsx,LEGEREMENT EXCITÉ MANGE BIEN
92,B-1,,Agitation,2026-04-26 15:05:00,2026-04-26 15:15:00,600,,00118_Acoustique_Poisson_2026-07-27.xlsx,nan
93,B-2,,Normal,2026-04-26 15:05:00,2026-04-26 15:15:00,600,,00118_Acoustique_Poisson_2026-07-27.xlsx,MANGE BIEN CALME
94,B-2,,Agitation,2026-04-26 15:05:00,2026-04-26 15:15:00,600,,00118_Acoustique_Poisson_2026-07-27.xlsx,nan
95,B-3,,Normal,2026-04-26 15:05:00,2026-04-26 15:15:00,600,,00118_Acoustique_Poisson_2026-07-27.xlsx,CALME PEU DE NOURRITURE TOMBE DANS LE BASSIN
96,B-4,,Normal,2026-04-26 15:05:00,2026-04-26 15:15:00,600,,00118_Acoustique_Poisson_2026-07-27.xlsx,MANGE BIEN CALME
97,B-4,,Agitation,2026-04-26 15:05:00,2026-04-26 15:15:00,600,,00118_Acoustique_Poisson_2026-07-27.xlsx,nan
98,B-1,,Normal,2026-05-01 09:30:00,2026-05-01 09:40:00,600,,00118_Acoustique_Poisson_2026-07-27.xlsx,CALME AU FOND
99,B-1,,Clustering,2026-05-01 09:30:00,2026-05-01 09:40:00,600,,00118_Acoustique_Poisson_2026-07-27.xlsx,nan
100,B-2,,Normal,2026-05-01 09:30:00,2026-05-01 09:40:00,600,,00118_Acoustique_Poisson_2026-07-27.xlsx,CALME AU FOND
101,B-2,,Clustering,2026-05-01 09:30:00,2026-05-01 09:40:00,600,,00118_Acoustique_Poisson_2026-07-27.xlsx,nan
102,B-3,,Normal,2026-05-01 09:30:00,2026-05-01 09:40:00,600,,00118_Acoustique_Poisson_2026-07-27.xlsx,REGROUPÉS AU FOND SAUF 2
103,B-3,,Clustering,2026-05-01 09:30:00,2026-05-01 09:40:00,600,,00118_Acoustique_Poisson_2026-07-27.xlsx,nan
104,B-4,,Normal,2026-05-01 09:30:00,2026-05-01 09:40:00,600,,00118_Acoustique_Poisson_2026-07-27.xlsx,REGROUPÉSSAUF 3 DONT 1 SE FROTTE SUR LE FOND 1 NAGE PLUS RAPIDEMENT À MON APPROCHE C'EST UNE FEMELLE
105,B-4,,Clustering,2026-05-01 09:30:00,2026-05-01 09:40:00,600,,00118_Acoustique_Poisson_2026-07-27.xlsx,nan
106,B-1,,Normal,2026-05-01 09:45:00,2026-05-01 09:55:00,600,,00118_Acoustique_Poisson_2026-07-27.xlsx,SAUF QUELQUES UN QUI NAGENT SÉPAREMENT
107,B-1,,Clustering,2026-05-01 09:45:00,2026-05-01 09:55:00,600,,00118_Acoustique_Poisson_2026-07-27.xlsx,nan
108,B-2,,Normal,2026-05-01 09:45:00,2026-05-01 09:55:00,600,,00118_Acoustique_Poisson_2026-07-27.xlsx,SAUF QUELQUES UN QUI NAGENT SÉPAREMENT
109,B-3,,Normal,2026-05-01 09:45:00,2026-05-01 09:55:00,600,,00118_Acoustique_Poisson_2026-07-27.xlsx,P2 PARFOIS POUR CERTAIN INDIVIDUS
110,B-4,,Normal,2026-05-01 09:45:00,2026-05-01 09:55:00,600,,00118_Acoustique_Poisson_2026-07-27.xlsx,"FEMELLE P3 SE FROTTE NAGE SUR LE CÔTÉ, NAGE STATIQUE REGROUPÉS"
111,B-4,,Clustering,2026-05-01 09:45:00,2026-05-01 09:55:00,600,,00118_Acoustique_Poisson_2026-07-27.xlsx,nan
112,B-1,,Clustering,2026-05-01 11:00:00,2026-05-01 11:10:00,600,,00118_Acoustique_Poisson_2026-07-27.xlsx,"SAUF 3 QUI SONT DISPERSÉS, NAGE RÉGULIREMENT STATIQUE"
113,B-2,,Clustering,2026-05-01 11:00:00,2026-05-01 11:10:00,600,,00118_Acoustique_Poisson_2026-07-27.xlsx,SAUF 3 DISPERSÉS DANS LE BASSIN NAGE REGULIEREMENT STATIQUES
114,B-3,,Normal,2026-05-01 11:00:00,2026-05-01 11:10:00,600,,00118_Acoustique_Poisson_2026-07-27.xlsx,11:02P3 CAR ON EU PEUR DE MOI
115,B-4,,Clustering,2026-05-01 11:00:00,2026-05-01 11:10:00,600,,00118_Acoustique_Poisson_2026-07-27.xlsx,DSAUF 2 POISSONS NAGE DISPERSÉS ET FEMELLE SE FROTTE
116,B-4,,Agitation,2026-05-01 11:00:00,2026-05-01 11:10:00,600,,00118_Acoustique_Poisson_2026-07-27.xlsx,ON EU PEUR DE MOI 
117,B-1,,Clustering,2026-05-01 11:15:00,2026-05-01 11:25:00,600,,00118_Acoustique_Poisson_2026-07-27.xlsx,NAGE STATIQUE GROUPÉS ET 2 NAGENT SÉPAREMENT 
118,B-2,,Clustering,2026-05-01 11:15:00,2026-05-01 11:25:00,600,,00118_Acoustique_Poisson_2026-07-27.xlsx,NAGE STATIQUES SONT DISPERSÉS DANS LE BASSIN
119,B-3,,Clustering,2026-05-01 11:15:00,2026-05-01 11:25:00,600,,00118_Acoustique_Poisson_2026-07-27.xlsx,"SAUF 2 NAGENT SÉPAREMENT DU GROUPE, 11:19 : P3  = POISSONS AGITÉS, CAR ILS M'ONT VUE"
120,B-4,,Clustering,2026-05-01 11:15:00,2026-05-01 11:25:00,600,,00118_Acoustique_Poisson_2026-07-27.xlsx,FEMELLE NAGE EN SE FROTTANT AU FOND
121,nan,,Clustering,2026-05-01 12:30:00,2026-05-01 12:40:00,600,,00118_Acoustique_Poisson_2026-07-27.xlsx,3 POISSONS NAGENT STATIQUES MAIS SÉPAREMENT DU GROUPE
122,B-1,,Normal,2026-05-01 12:30:00,2026-05-01 12:40:00,600,,00118_Acoustique_Poisson_2026-07-27.xlsx,NAGE STATIQUE SAUF 1 QUI NAGE PLUS ACTIVEMENT DE TEMPS EN TEMPS
123,B-2,,Normal,2026-05-01 12:30:00,2026-05-01 12:40:00,600,,00118_Acoustique_Poisson_2026-07-27.xlsx,12:33 P3 CAR ONT EU PEUR DE MOI P2 POUR UNE PARTIE DU GROUPE
124,B-3,,Normal,2026-05-01 12:30:00,2026-05-01 12:40:00,600,,00118_Acoustique_Poisson_2026-07-27.xlsx,SAUF POUR LA FEMELLE QUI TOURNE SUR ELLE-MÊME EN NAGEANT
125,B-4,,Normal,2026-05-01 14:15:00,2026-05-01 14:25:00,600,,00118_Acoustique_Poisson_2026-07-27.xlsx,2 NAGENT STATIQUE SÉPAREMENT  DU RESTE DU GROUPE LES AUTRES SONT GROUPÉS NAGENT STATIQUES ET FEMELLE NAGENT EN SE FROTTANT
126,B-1,,Normal,2026-05-01 12:45:00,2026-05-01 12:55:00,600,,00118_Acoustique_Poisson_2026-07-27.xlsx,nan
127,B-2,,Normal,2026-05-01 12:45:00,2026-05-01 12:55:00,600,,00118_Acoustique_Poisson_2026-07-27.xlsx,NAGE UN PEU PLUS ACTIVEMENT ET ÉCLOUBOUSSURES 12:47
128,B-3,,Normal,2026-05-01 12:45:00,2026-05-01 12:55:00,600,,00118_Acoustique_Poisson_2026-07-27.xlsx,P3 À 12:49 POUR 2 POISSONSCAR ON EU PEUR
129,B-4,,Normal,2026-05-01 12:45:00,2026-05-01 12:55:00,600,,00118_Acoustique_Poisson_2026-07-27.xlsx,SAUF POUR LA FEMELLE  P3 CAR SE FROTTE ENCORE
130,B-1,,Normal,2026-05-01 14:00:00,2026-05-01 14:10:00,600,,00118_Acoustique_Poisson_2026-07-27.xlsx,14:09 P2 POUR CERATIN INDIVIDUS
131,B-2,,Normal,2026-05-01 14:00:00,2026-05-01 14:10:00,600,,00118_Acoustique_Poisson_2026-07-27.xlsx,"14:07 NAGE UN PEU PLUS ACTIVE DANS LE BASSIN 2, DE CERTAIN INDIVIDUS"
132,B-3,,Normal,2026-05-01 14:00:00,2026-05-01 14:10:00,600,,00118_Acoustique_Poisson_2026-07-27.xlsx,nan
133,B-4,,Normal,2026-05-01 14:00:00,2026-05-01 14:10:00,600,,00118_Acoustique_Poisson_2026-07-27.xlsx,P3 POUR LA FEMELLE QUI AVANCE EN TOURNANTET SE FROTTANT DÉSORIENTATION
134,B-1,,Normal,2026-05-01 14:15:00,2026-05-01 14:25:00,600,,00118_Acoustique_Poisson_2026-07-27.xlsx,"SAUF CERTAIN INDIVIDUS SONT ACTIFS EN SURFACE MANGE ENCORE, 14:24 P2 POUR CERTAIN INDIVIDUS DU BASSIN, REDROUPÉS ENSEMBLES"
135,B-2,,Normal,2026-05-01 14:15:00,2026-05-01 14:25:00,600,,00118_Acoustique_Poisson_2026-07-27.xlsx,nan
136,B-3,,Normal,2026-05-01 14:15:00,2026-05-01 14:25:00,600,,00118_Acoustique_Poisson_2026-07-27.xlsx,14:19 P3 D'UN INDIVIDU QUI A EU PEUR DE MOI
137,B-4,,Normal,2026-05-01 14:15:00,2026-05-01 14:25:00,600,,00118_Acoustique_Poisson_2026-07-27.xlsx,SAUF POUR LA FEMELLE QUI TOURNE SUR ELLE-MÊME EN NAGEANT
138,B-1,,Normal,2026-05-09 08:50:00,2026-05-09 08:52:00,120,,00118_Acoustique_Poisson_2026-07-27.xlsx,nan
139,B-1,,Clustering,2026-05-09 08:50:00,2026-05-09 08:52:00,120,,00118_Acoustique_Poisson_2026-07-27.xlsx,REGROUPEMENT 4 INDIVIDUS
140,B-2,,Normal,2026-05-09 08:53:00,2026-05-09 08:55:00,120,,00118_Acoustique_Poisson_2026-07-27.xlsx,nan
141,B-3,,Clustering,2026-05-09 08:55:00,2026-05-09 08:57:00,120,,00118_Acoustique_Poisson_2026-07-27.xlsx,REGROUPEMENT DES INDIVIDUS
142,B-3,,Other,2026-05-09 08:55:00,2026-05-09 08:57:00,120,,00118_Acoustique_Poisson_2026-07-27.xlsx,INDIVIDUS SAUT
143,B-3,,Agitation,2026-05-09 08:55:00,2026-05-09 08:57:00,120,,00118_Acoustique_Poisson_2026-07-27.xlsx,1 INDIVIDUS AGITÉ NAGE RAPIDEMENT 
144,B-1,,Normal,2026-05-09 08:57:00,2026-05-09 08:59:00,120,,00118_Acoustique_Poisson_2026-07-27.xlsx,nan
145,B-2,,Agitation,2026-05-09 08:57:00,2026-05-09 08:59:00,120,,00118_Acoustique_Poisson_2026-07-27.xlsx,2 INDIVIDUS AGITÉS
146,B-3,,Other,2026-05-09 08:57:00,2026-05-09 08:59:00,120,,00118_Acoustique_Poisson_2026-07-27.xlsx,1 INDIVIDU LÉTHARGIQUE
147,B-4,,Normal,2026-05-09 08:57:00,2026-05-09 08:59:00,120,,00118_Acoustique_Poisson_2026-07-27.xlsx,nan
148,B-1,,Other,2026-05-09 09:07:00,2026-05-09 09:09:00,120,,00118_Acoustique_Poisson_2026-07-27.xlsx,PEU DE MOUVEMENT
149,B-2,,Normal,2026-05-09 09:07:00,2026-05-09 09:09:00,120,,00118_Acoustique_Poisson_2026-07-27.xlsx,nan
150,B-3,,Normal,2026-05-09 09:10:00,2026-05-09 09:12:00,120,,00118_Acoustique_Poisson_2026-07-27.xlsx,nan
151,B-4,,Normal,2026-05-09 10:20:00,2026-05-09 10:22:00,120,,00118_Acoustique_Poisson_2026-07-27.xlsx,nan
152,B-4,,Clustering,2026-05-09 10:20:00,2026-05-09 10:22:00,120,,00118_Acoustique_Poisson_2026-07-27.xlsx,2 INDIVIDUS REGROUPÉS
153,B-1,,Normal,2026-05-09 10:20:00,2026-05-09 10:22:00,120,,00118_Acoustique_Poisson_2026-07-27.xlsx,nan
154,B-1,,Clustering,2026-05-09 10:20:00,2026-05-09 10:22:00,120,,00118_Acoustique_Poisson_2026-07-27.xlsx,2 INDIVIDUS REGROUPÉS
155,B-2,,Agitation,2026-05-09 10:22:00,2026-05-09 10:24:00,120,,00118_Acoustique_Poisson_2026-07-27.xlsx,AGITATION
156,B-3,,Clustering,2026-05-09 10:24:00,2026-05-09 10:26:00,120,,00118_Acoustique_Poisson_2026-07-27.xlsx,REGROUPEMENT 4 INDIVIDUS
157,B-3,,Other,2026-05-09 10:24:00,2026-05-09 10:26:00,120,,00118_Acoustique_Poisson_2026-07-27.xlsx,LÉTARGIQUE
158,B-4,,Clustering,2026-05-09 10:26:00,2026-05-09 10:28:00,120,,00118_Acoustique_Poisson_2026-07-27.xlsx,REGOUPEMENT
159,B-4,,Agitation,2026-05-09 10:26:00,2026-05-09 10:28:00,120,,00118_Acoustique_Poisson_2026-07-27.xlsx,1 INDIVIDU AGITÉ
160,B-4,,Other,2026-05-09 10:26:00,2026-05-09 10:28:00,120,,00118_Acoustique_Poisson_2026-07-27.xlsx,LÉTARGIQUE
161,B-1,,Normal,2026-05-09 10:37:00,2026-05-09 10:39:00,120,,00118_Acoustique_Poisson_2026-07-27.xlsx,nan
162,B-2,,Clustering,2026-05-09 10:39:00,2026-05-09 10:41:00,120,,00118_Acoustique_Poisson_2026-07-27.xlsx,TOUS REGROUPÉS DANS 1 COIN
163,B-3,,Other,2026-05-09 10:41:00,2026-05-09 10:43:00,120,,00118_Acoustique_Poisson_2026-07-27.xlsx,PAS DE MOUVEMENT
164,B-4,,Clustering,2026-05-09 10:43:00,2026-05-09 10:45:00,120,,00118_Acoustique_Poisson_2026-07-27.xlsx,2 INDIVIDUS REGROUPÉS
165,B-4,,Other,2026-05-09 10:43:00,2026-05-09 10:45:00,120,,00118_Acoustique_Poisson_2026-07-27.xlsx,nan
166,B-1,,Normal,2026-05-09 11:50:00,2026-05-09 11:52:00,120,,00118_Acoustique_Poisson_2026-07-27.xlsx,nan
167,B-2,,Normal,2026-05-09 11:52:00,2026-05-09 11:54:00,120,,00118_Acoustique_Poisson_2026-07-27.xlsx,nan
168,B-3,,Other,2026-05-09 11:54:00,2026-05-09 11:56:00,120,,00118_Acoustique_Poisson_2026-07-27.xlsx,PAS DE MOUVEMENT 
169,B-4,,Clustering,2026-05-09 11:56:00,2026-05-09 11:58:00,120,,00118_Acoustique_Poisson_2026-07-27.xlsx,4 INDIVIDUS REGROUPÉS
170,B-4,,Other,2026-05-09 11:56:00,2026-05-09 11:58:00,120,,00118_Acoustique_Poisson_2026-07-27.xlsx,3 INDIVIDUS LÉTARGIQUES
171,B-1,,Normal,2026-05-09 12:08:00,2026-05-09 12:10:00,120,,00118_Acoustique_Poisson_2026-07-27.xlsx,nan
172,B-2,,Normal,2026-05-09 12:10:00,2026-05-09 12:12:00,120,,00118_Acoustique_Poisson_2026-07-27.xlsx,MOUVEMENT DANS LE BASSIN 
173,B-3,,Other,2026-05-09 12:12:00,2026-05-09 12:14:00,120,,00118_Acoustique_Poisson_2026-07-27.xlsx,PAS DE MOUVEMENT
174,B-4,,Clustering,2026-05-09 12:14:00,2026-05-09 12:16:00,120,,00118_Acoustique_Poisson_2026-07-27.xlsx,REGROUPEMENT 4 INDIVIDUS
175,B-1,,Normal,2026-05-09 13:25:00,2026-05-09 13:27:00,120,,00118_Acoustique_Poisson_2026-07-27.xlsx,nan
176,B-2,,Other,2026-05-09 13:27:00,2026-05-09 13:29:00,120,,00118_Acoustique_Poisson_2026-07-27.xlsx,nan
177,B-3,,Clustering,2026-05-09 13:29:00,2026-05-09 13:31:00,120,,00118_Acoustique_Poisson_2026-07-27.xlsx,REGROUPEMENT DE 4 INDIVIDUS
178,B-4,,Other,2026-05-09 13:31:00,2026-05-09 13:33:00,120,,00118_Acoustique_Poisson_2026-07-27.xlsx,nan
179,B-1,,Normal,2026-05-09 13:39:00,2026-05-09 13:41:00,120,,00118_Acoustique_Poisson_2026-07-27.xlsx,MOUVEMENT DANS LE BASSIN 
180,B-2,,Normal,2026-05-09 13:41:00,2026-05-09 13:43:00,120,,00118_Acoustique_Poisson_2026-07-27.xlsx,nan
181,B-3,,Normal,2026-05-09 13:43:00,2026-05-09 13:45:00,120,,00118_Acoustique_Poisson_2026-07-27.xlsx,nan
182,B-4,,Normal,2026-05-09 13:45:00,2026-05-09 13:47:00,120,,00118_Acoustique_Poisson_2026-07-27.xlsx,nan
183,B-1,,Normal,2026-05-13 09:26:00,2026-05-13 09:36:00,600,,00118_Acoustique_Poisson_2026-07-27.xlsx,NAGE STATIQUE RÉGULIÈRE DANS LE FOND DU BASSIN
184,B-2,,Normal,2026-05-13 09:26:00,2026-05-13 09:36:00,600,,00118_Acoustique_Poisson_2026-07-27.xlsx,NAGE STATIQUE REGULIERE DANS LE FOND DU BASSIN
185,B-3,,Normal,2026-05-13 09:26:00,2026-05-13 09:36:00,600,,00118_Acoustique_Poisson_2026-07-27.xlsx,"QUELQUES INDIVIDUS SEULS, NAGE STATIQUE REGULIÈRE"
186,B-3,,Clustering,2026-05-13 09:26:00,2026-05-13 09:36:00,600,,00118_Acoustique_Poisson_2026-07-27.xlsx,"CERATINS INDIVIDUS REGROUPÉS, NAGE STATIQUE REGULIÈRE"
187,B-4,,Normal,2026-05-13 09:26:00,2026-05-13 09:36:00,600,,00118_Acoustique_Poisson_2026-07-27.xlsx,NAGE STATIQUE REGULIÈRE DANS LE FOND
188,B-4,,Clustering,2026-05-13 09:26:00,2026-05-13 09:36:00,600,,00118_Acoustique_Poisson_2026-07-27.xlsx,CERTAINS SONT REGROUPÉS
189,B-1,,Agitation,2026-05-13 09:43:00,2026-05-13 09:53:00,600,,00118_Acoustique_Poisson_2026-07-27.xlsx,09:43 UN POISSON S'EST ENFUI È MON APPROCHE
190,B-1,,Normal,2026-05-13 09:43:00,2026-05-13 09:53:00,600,,00118_Acoustique_Poisson_2026-07-27.xlsx,NAGE RÉGULIÈRE STATIQUE
191,B-1,,Clustering,2026-05-13 09:43:00,2026-05-13 09:53:00,600,,00118_Acoustique_Poisson_2026-07-27.xlsx,"CERTAINS SONT REGROUPÉS, NAGE STATIQUE REGULIÈRE"
192,B-2,,Normal,2026-05-13 09:43:00,2026-05-13 09:53:00,600,,00118_Acoustique_Poisson_2026-07-27.xlsx,NAGE STATIQUE REGULIÈRE
193,B-2,,Agitation,2026-05-13 09:43:00,2026-05-13 09:53:00,600,,00118_Acoustique_Poisson_2026-07-27.xlsx,09:46 INDIVIDU NAGE PLUS ACTIVE
194,B-3,,Normal,2026-05-13 09:43:00,2026-05-13 09:53:00,600,,00118_Acoustique_Poisson_2026-07-27.xlsx,"NAGE REGULIÈRE STATIQUE, CAERTAIN SONT INDIVIDUEL"
195,B-3,,Clustering,2026-05-13 09:43:00,2026-05-13 09:53:00,600,,00118_Acoustique_Poisson_2026-07-27.xlsx,"CERATINS INDIVIDUS REGROUPÉS, NAGE REGULIÈRE STATIQUE"
196,B-4,,Normal,2026-05-13 09:43:00,2026-05-13 09:53:00,600,,00118_Acoustique_Poisson_2026-07-27.xlsx,"QUELQUES INDIVIDUS SEULS, NAGE STATIQUE REGULIÈRE"
197,B-4,,Clustering,2026-05-13 09:43:00,2026-05-13 09:53:00,600,,00118_Acoustique_Poisson_2026-07-27.xlsx,"CERTAIN SONT REGROUPÉS, NAGE REGULIÈRE STATIQUE"
198,B-1,,Normal,2026-05-13 10:57:00,2026-05-13 11:07:00,600,,00118_Acoustique_Poisson_2026-07-27.xlsx,"NAGE NORMALE, STATIQUE"
199,B-2,,Normal,2026-05-13 10:57:00,2026-05-13 11:07:00,600,,00118_Acoustique_Poisson_2026-07-27.xlsx,NSGR NORMALE STATIQUE
200,B-2,,Clustering,2026-05-13 10:57:00,2026-05-13 11:07:00,600,,00118_Acoustique_Poisson_2026-07-27.xlsx,"CERTAINS INDIVIDUS SONT REGROUPÉS, NAGE NORMALE STATIQUE"
201,B-3,,Normal,2026-05-13 10:57:00,2026-05-13 11:07:00,600,,00118_Acoustique_Poisson_2026-07-27.xlsx,"NAGE NORMALE, STATIQUE"
202,B-3,,Clustering,2026-05-13 10:57:00,2026-05-13 11:07:00,600,,00118_Acoustique_Poisson_2026-07-27.xlsx,"CERTAIN INDIVIDUS STATIQUES, NAGE NORMALE STATIQUE"
203,B-4,,Normal,2026-05-13 10:57:00,2026-05-13 11:07:00,600,,00118_Acoustique_Poisson_2026-07-27.xlsx,"CERTAIN INDIVIDUS SONT SEULS, NAGE NORMAL STATIQUE"
204,B-4,,Clustering,2026-05-13 10:57:00,2026-05-13 11:07:00,600,,00118_Acoustique_Poisson_2026-07-27.xlsx,UNE GROSSE PARTIE SONT REGROUPÉS SOUS LE NOURRISSEUR
205,B-1,,Agitation,2026-05-13 10:57:00,2026-05-13 11:07:00,600,,00118_Acoustique_Poisson_2026-07-27.xlsx,11:06 FUITE CAR ONT EU PEUR DE MOI
206,B-1,,Normal,2026-05-13 11:14:00,2026-05-13 11:24:00,600,,00118_Acoustique_Poisson_2026-07-27.xlsx,NAGE REÉGULIÈRE STATIQUE
207,B-2,,Normal,2026-05-13 11:14:00,2026-05-13 11:24:00,600,,00118_Acoustique_Poisson_2026-07-27.xlsx,NAGE REGULIÈRE STAIQUE
208,B-2,,Agitation,2026-05-13 11:14:00,2026-05-13 11:24:00,600,,00118_Acoustique_Poisson_2026-07-27.xlsx,UN INDIVIDUS SE DÉPLACE
209,B-1,,Agitation,2026-05-13 11:14:00,2026-05-13 11:24:00,600,,00118_Acoustique_Poisson_2026-07-27.xlsx,11:17 CERTAINS POISSONS NAGENT PLUS ACTIVEMENT
210,B-2,,Agitation,2026-05-13 11:14:00,2026-05-13 11:24:00,600,,00118_Acoustique_Poisson_2026-07-27.xlsx,11:18 VERTAIN POISSONS NAGENT PLUS ACTIVEMENT
211,B-3,,Normal,2026-05-13 11:14:00,2026-05-13 11:24:00,600,,00118_Acoustique_Poisson_2026-07-27.xlsx,"CERTAINS INDIVIDUS NAGENT SEULS, REGUILIÈRE STATIQUE"
212,B-3,,Clustering,2026-05-13 11:14:00,2026-05-13 11:24:00,600,,00118_Acoustique_Poisson_2026-07-27.xlsx,"QUELQUES POISSONS REGROUPÉS, NAGE STATIQUE REGULIÈRE"
213,B-4,,Normal,2026-05-13 11:14:00,2026-05-13 11:24:00,600,,00118_Acoustique_Poisson_2026-07-27.xlsx,NAGE STATIQUE REGULIÈRE
214,B-4,,Clustering,2026-05-13 11:14:00,2026-05-13 11:24:00,600,,00118_Acoustique_Poisson_2026-07-27.xlsx,CERTAIN SONT REGROUPÉS AU NIVEAU DU NOURRISSEUR ET OU SE SITUE LA POMPE À COURANT
215,B-1,,Agitation,2026-05-13 12:37:00,2026-05-13 12:47:00,600,,00118_Acoustique_Poisson_2026-07-27.xlsx, UN INDIVIDU S'EST ENFUI LORSQUE JE ME SUIS APPROCHÉE
216,B-1,,Normal,2026-05-13 12:37:00,2026-05-13 12:47:00,600,,00118_Acoustique_Poisson_2026-07-27.xlsx,"NAGE STATIQUE RÉGULIÈRE, RÉPARTIE DANS LE BASSIN"
217,B-2,,Normal,2026-05-13 12:37:00,2026-05-13 12:47:00,600,,00118_Acoustique_Poisson_2026-07-27.xlsx,NAGE STATIQUE RÉGULIÈRE
218,B-2,,Agitation,2026-05-13 12:37:00,2026-05-13 12:47:00,600,,00118_Acoustique_Poisson_2026-07-27.xlsx,13:39 CERTAINS NAGENT PLUS ACTIVEMENT
219,B-2,,Clustering,2026-05-13 12:37:00,2026-05-13 12:47:00,600,,00118_Acoustique_Poisson_2026-07-27.xlsx,CERTAIN SONT REGROUPÉS NAGE STATIQUE REGULIÈRE
220,B-3,,Normal,2026-05-13 12:37:00,2026-05-13 12:47:00,600,,00118_Acoustique_Poisson_2026-07-27.xlsx,NAGE STATIQUE REGULIÈRE
221,B-3,,Clustering,2026-05-13 12:37:00,2026-05-13 12:47:00,600,,00118_Acoustique_Poisson_2026-07-27.xlsx,"CERTAINS SONT REGROUPÉS SOUS LE DISTRIBUTEUR DE NOURRITURE, PROCHE DE LA POMPR À COURANT"
222,B-4,,Clustering,2026-05-13 12:37:00,2026-05-13 12:47:00,600,,00118_Acoustique_Poisson_2026-07-27.xlsx,TOUS REGROUPÉS PROCHE DU DISTRIBUTEUR DE NOURRITURE
223,B-4,,Normal,2026-05-13 12:37:00,2026-05-13 12:47:00,600,,00118_Acoustique_Poisson_2026-07-27.xlsx,SAUF POUR 2 OU 3 INDIVIDUS QUI SE SÉPARENT
224,B-4,,Normal,2026-05-13 12:37:00,2026-05-13 12:47:00,600,,00118_Acoustique_Poisson_2026-07-27.xlsx,NAGE STATIQUE RÉGULIÈRE
225,B-1,,Normal,2026-05-13 12:57:00,2026-05-13 13:04:00,420,,00118_Acoustique_Poisson_2026-07-27.xlsx,RÉPARTITION DANS LE BASSIN NAGE STATIQUE ET RÉGULIER
226,B-2,,Normal,2026-05-13 12:57:00,2026-05-13 13:04:00,420,,00118_Acoustique_Poisson_2026-07-27.xlsx,"RÉPARTITION HOMOGÈNE, NAGE STATIQUE ET REGULIÈRE"
227,B-2,,Agitation,2026-05-13 12:57:00,2026-05-13 13:04:00,420,,00118_Acoustique_Poisson_2026-07-27.xlsx,"CERTAINS INDIVIDUS SE DÉPLACENT ET NAGENT TRANQUILLEMENT, ILS ONT FAIT TOMBÉ UN MORCEAU DE LA STRUCTURE SUREMENT EN S'ALIMENTANT, MORCEAU SITUÉ AU NIVEAU DU DISTRIBUTEUR"
228,B-3,,Normal,2026-05-13 12:57:00,2026-05-13 13:04:00,420,,00118_Acoustique_Poisson_2026-07-27.xlsx,CERTAIN DONT DEUL OU À 2 NAGE STATIQUE RÉGULIÈRE
229,B-3,,Clustering,2026-05-13 12:57:00,2026-05-13 13:04:00,420,,00118_Acoustique_Poisson_2026-07-27.xlsx,"CERTAINS SONT REGROUPÉS SOUS LE DISTRIBUTEUR DE NOURRITURE, PROCHE DE LA POMPR À COURANT"
230,B-4,,Clustering,2026-05-13 12:57:00,2026-05-13 13:04:00,420,,00118_Acoustique_Poisson_2026-07-27.xlsx,REROUPÉS PROCHE DE LA POMPE À COURANT
231,B-4,,Normal,2026-05-13 12:57:00,2026-05-13 13:04:00,420,,00118_Acoustique_Poisson_2026-07-27.xlsx,"CERTAIN SONT SEUL DISPERSÉ DANS LE BASSIN, ONT TOUS UNE NAGE REGULIER ET STATIQUE"
232,B-1,,Normal,2026-05-13 14:16:00,2026-05-13 14:26:00,600,,00118_Acoustique_Poisson_2026-07-27.xlsx,"RÉPARTITION HOMOGÈNE, NAGE REGULIÈRET STATIQUE"
233,B-2,,Clustering,2026-05-13 14:16:00,2026-05-13 14:26:00,600,,00118_Acoustique_Poisson_2026-07-27.xlsx,"TOUS REGROUPÉS, NAGE STATIQUE ET REGULIÈRE"
234,B-3,,Clustering,2026-05-13 14:16:00,2026-05-13 14:26:00,600,,00118_Acoustique_Poisson_2026-07-27.xlsx,REGROUPÉS DANS 2 GROUPE SÉPARÉ
235,B-3,,Normal,2026-05-13 14:16:00,2026-05-13 14:26:00,600,,00118_Acoustique_Poisson_2026-07-27.xlsx,1 OU 2 INDIVIDUS QUI SE DÉPLACENT ET SONT SEUL NAGE REGULIÈRE ET STATIQUE
236,B-3,,Agitation,2026-05-13 14:16:00,2026-05-13 14:26:00,600,,00118_Acoustique_Poisson_2026-07-27.xlsx,14:21 NAGENT CERTAIN CAR ONT EU PEUR DE MOI
237,B-4,,Clustering,2026-05-13 14:16:00,2026-05-13 14:26:00,600,,00118_Acoustique_Poisson_2026-07-27.xlsx,"TOUS REGROUPÉS AU NIVEAU DE LA POMPE À COURANT, PROCHE DU DISTRIBUTEUR AUTOMATIQUE"
238,B-4,,Normal,2026-05-13 14:16:00,2026-05-13 14:26:00,600,,00118_Acoustique_Poisson_2026-07-27.xlsx,"1 OU 2 INDIVIDUS SEULS, NAGE STATIQUE REGULIÈRE"
239,B-2,,Normal,2026-05-13 14:16:00,2026-05-13 14:26:00,600,,00118_Acoustique_Poisson_2026-07-27.xlsx,"INDIVIDU TOUT SEUL, LES AUTRES REGROUPÉS"
240,B-1,,Agitation,2026-05-13 14:33:00,2026-05-13 14:43:00,600,,00118_Acoustique_Poisson_2026-07-27.xlsx,14:34 ONT EU PEUR DE MOI
241,B-1,,Clustering,2026-05-13 14:33:00,2026-05-13 14:43:00,600,,00118_Acoustique_Poisson_2026-07-27.xlsx,"REGROUPÉS PROCHE DU DISTRIBUTEUR AUTOMATIQUE, RESTE DE LA NOURRITURE EN SURFACE"
242,B-2,,Normal,2026-05-13 14:33:00,2026-05-13 14:43:00,600,,00118_Acoustique_Poisson_2026-07-27.xlsx,1 OU 2 INDIVIDUS DISPERSÉ NAGE REGULIÈRE ET STATIQUE
243,B-2,,Agitation,2026-05-13 14:33:00,2026-05-13 14:43:00,600,,00118_Acoustique_Poisson_2026-07-27.xlsx,"14:36 ONT EU PEUR DE MOI, SE SONT AGITÉS"
244,B-2,,Clustering,2026-05-13 14:33:00,2026-05-13 14:43:00,600,,00118_Acoustique_Poisson_2026-07-27.xlsx,CERTAINS SONT REGROUPÉS
245,B-3,,Clustering,2026-05-13 14:33:00,2026-05-13 14:43:00,600,,00118_Acoustique_Poisson_2026-07-27.xlsx,"REGROUPÉS SOUS LE DISTRIBUTEUR AUTOMATIQUE, PROCHE DE LA POMPE À COURANT, NAGE REGULIÈRE ET STATIQUE"
246,B-3,,Normal,2026-05-13 14:33:00,2026-05-13 14:43:00,600,,00118_Acoustique_Poisson_2026-07-27.xlsx,"1 OU 2 INDIVIDUS DISPERSÉS, NAGENT REGULIÈRE ET STATIQUE"
247,B-4,,Agitation,2026-05-13 14:33:00,2026-05-13 14:43:00,600,,00118_Acoustique_Poisson_2026-07-27.xlsx,14:41 AGITATION CAR ONT EU PEUR DE MOI
248,B-4,,Clustering,2026-05-13 14:33:00,2026-05-13 14:43:00,600,,00118_Acoustique_Poisson_2026-07-27.xlsx,"REGROUPÉS SOUS DISTRIBUTEUR AUTOMATIQUE, PROCHE DE LA POMPE  À COURANT"
249,B-4,,Normal,2026-05-13 14:33:00,2026-05-13 14:43:00,600,,00118_Acoustique_Poisson_2026-07-27.xlsx,"1 OU 2 INDIVIDUS DISPERSÉS DU GROUPE, NAGE REGULIÈRE ET STATIQUE"
250,B-1,,Normal,2026-05-16 08:50:00,2026-05-16 09:00:00,600,,00118_Acoustique_Poisson_2026-07-27.xlsx,REGULIER LEGERE EXCITATION
251,B-2,,Normal,2026-05-16 08:50:00,2026-05-16 09:00:00,600,,00118_Acoustique_Poisson_2026-07-27.xlsx,NORMAL
252,B-2,,Clustering,2026-05-16 08:50:00,2026-05-16 09:00:00,600,,00118_Acoustique_Poisson_2026-07-27.xlsx,POISSON MÊME BORD
253,B-3,,Normal,2026-05-16 08:50:00,2026-05-16 09:00:00,600,,00118_Acoustique_Poisson_2026-07-27.xlsx,nan
254,B-4,,Other,2026-05-16 08:50:00,2026-05-16 09:00:00,600,,00118_Acoustique_Poisson_2026-07-27.xlsx,POISSON RÉACTIF ET EXCITÉ 
255,B-1,,Agitation,2026-05-16 09:05:00,2026-05-16 09:15:00,600,,00118_Acoustique_Poisson_2026-07-27.xlsx,AGITÉ CAUSE DE L'ALIMENTATION
256,B-1,,Normal,2026-05-16 09:05:00,2026-05-16 09:15:00,600,,00118_Acoustique_Poisson_2026-07-27.xlsx,nan
257,B-2,,Normal,2026-05-16 09:05:00,2026-05-16 09:15:00,600,,00118_Acoustique_Poisson_2026-07-27.xlsx,MANGE BIEN MONTE EN SURFACE
258,B-3,,Normal,2026-05-16 09:05:00,2026-05-16 09:15:00,600,,00118_Acoustique_Poisson_2026-07-27.xlsx,MANGE BIEN
259,B-4,,Other,2026-05-16 09:05:00,2026-05-16 09:15:00,600,,00118_Acoustique_Poisson_2026-07-27.xlsx,SAUT ET ECLABOUSSE MANGE TRÈS BIEN (1 POISSON ET CHÉTIF MANGE PEU)
260,B-1,,Normal,2026-05-16 10:29:00,2026-05-16 10:39:00,600,,00118_Acoustique_Poisson_2026-07-27.xlsx,CALME
261,B-2,,Normal,2026-05-16 10:29:00,2026-05-16 10:39:00,600,,00118_Acoustique_Poisson_2026-07-27.xlsx,"CALME FACE AU COURANT, RÉACTION À MA PRÉSENCE LÉGÉ"
262,B-3,,Agitation,2026-05-16 10:29:00,2026-05-16 10:39:00,600,,00118_Acoustique_Poisson_2026-07-27.xlsx,PLUSIEURS RÉAGISSENT FORTEMENT EXCITÉ
263,B-4,,Normal,2026-05-16 10:29:00,2026-05-16 10:39:00,600,,00118_Acoustique_Poisson_2026-07-27.xlsx,CALME DANS LE FOND DU BASSIN
264,B-1,,Agitation,2026-05-16 10:35:00,2026-05-16 10:45:00,600,,00118_Acoustique_Poisson_2026-07-27.xlsx,MANGENT TOUS TRÈS BIEN
265,B-1,,Other,2026-05-16 10:35:00,2026-05-16 10:45:00,600,,00118_Acoustique_Poisson_2026-07-27.xlsx,BONNE RÉACTION À L'ALIMENT
266,B-2,,Agitation,2026-05-16 10:35:00,2026-05-16 10:45:00,600,,00118_Acoustique_Poisson_2026-07-27.xlsx,"MANGENT TOUS TRÈS BIEN, BONNE RÉACTION À L'ALIMENT"
267,B-3,,Agitation,2026-05-16 10:35:00,2026-05-16 10:45:00,600,,00118_Acoustique_Poisson_2026-07-27.xlsx,"MANGENT TOUS TRÈS BIEN, BONNE RÉACTION À L'ALIMENT"
268,B-4,,Agitation,2026-05-16 10:35:00,2026-05-16 10:45:00,600,,00118_Acoustique_Poisson_2026-07-27.xlsx,MANGENT BIEN MAIS COURANT SURFACE GÊNE UN PEUX
269,B-1,,Normal,2026-05-16 11:59:00,2026-05-16 12:09:00,600,,00118_Acoustique_Poisson_2026-07-27.xlsx,POISSON CALME
270,B-2,,Normal,2026-05-16 11:59:00,2026-05-16 12:09:00,600,,00118_Acoustique_Poisson_2026-07-27.xlsx,CALME LÉGÉREMENT EN SURFACE
271,B-3,,Normal,2026-05-16 11:59:00,2026-05-16 12:09:00,600,,00118_Acoustique_Poisson_2026-07-27.xlsx,CALME
272,B-4,,Normal,2026-05-16 11:59:00,2026-05-16 12:09:00,600,,00118_Acoustique_Poisson_2026-07-27.xlsx,CALME
273,B-1,,Normal,2026-05-16 12:14:00,2026-05-16 12:24:00,600,,00118_Acoustique_Poisson_2026-07-27.xlsx,MANGENT CALMEMENT MONTE EN SURFACE
274,B-2,,Agitation,2026-05-16 12:14:00,2026-05-16 12:24:00,600,,00118_Acoustique_Poisson_2026-07-27.xlsx,"FRÉNÉSIE, MANGE BIEN"
275,B-2,,Other,2026-05-16 12:14:00,2026-05-16 12:24:00,600,,00118_Acoustique_Poisson_2026-07-27.xlsx,"FRÉNÉSIE, MANGE BIEN"
276,B-3,,Normal,2026-05-16 12:14:00,2026-05-16 12:24:00,600,,00118_Acoustique_Poisson_2026-07-27.xlsx,MANGENT BIEN
277,B-4,,Normal,2026-05-16 12:14:00,2026-05-16 12:24:00,600,,00118_Acoustique_Poisson_2026-07-27.xlsx,MANGENT BIEN
278,B-1,,Normal,2026-05-16 13:38:00,2026-05-16 13:48:00,600,,00118_Acoustique_Poisson_2026-07-27.xlsx,CALME PEUT-ÊTRE PLUS QUE EN DÉBUT DE JOURNÉE
279,B-2,,Normal,2026-05-16 13:38:00,2026-05-16 13:48:00,600,,00118_Acoustique_Poisson_2026-07-27.xlsx,CALME  À RÉAGIT À MA PRÉSENCE
280,B-3,,Normal,2026-05-16 13:38:00,2026-05-16 13:48:00,600,,00118_Acoustique_Poisson_2026-07-27.xlsx,nan
281,B-4,,Normal,2026-05-16 13:38:00,2026-05-16 13:48:00,600,,00118_Acoustique_Poisson_2026-07-27.xlsx,nan
282,B-1,,Normal,2026-05-16 13:53:00,2026-05-16 14:03:00,600,,00118_Acoustique_Poisson_2026-07-27.xlsx,MANGE DOUCEMENT MONTE EN SURFACE
283,B-2,,Normal,2026-05-16 13:53:00,2026-05-16 14:03:00,600,,00118_Acoustique_Poisson_2026-07-27.xlsx,"MANGE BIEN TRÈS PEUX D,ALIMENT TOMBÉ"
284,B-3,,Normal,2026-05-16 13:53:00,2026-05-16 14:03:00,600,,00118_Acoustique_Poisson_2026-07-27.xlsx,MANGE BIEN
285,B-3,,Agitation,2026-05-16 13:53:00,2026-05-16 14:03:00,600,,00118_Acoustique_Poisson_2026-07-27.xlsx,nan
286,B-4,,Normal,2026-05-16 13:53:00,2026-05-16 14:03:00,600,,00118_Acoustique_Poisson_2026-07-27.xlsx,MANGE BIEN EXCITÉ
287,B-4,,Agitation,2026-05-16 13:53:00,2026-05-16 14:03:00,600,,00118_Acoustique_Poisson_2026-07-27.xlsx,nan
288,B-1,,Normal,2026-05-21 09:07:00,2026-05-21 09:09:00,120,,00118_Acoustique_Poisson_2026-07-27.xlsx,NORMAL
289,B-2,,Clustering,2026-05-21 09:09:00,2026-05-21 09:11:00,120,,00118_Acoustique_Poisson_2026-07-27.xlsx,REGROUPEMENT  DE 5 POISSONS
290,B-2,,Other,2026-05-21 09:09:00,2026-05-21 09:11:00,120,,00118_Acoustique_Poisson_2026-07-27.xlsx,nan
291,B-3,,Other,2026-05-21 09:11:00,2026-05-21 09:13:00,120,,00118_Acoustique_Poisson_2026-07-27.xlsx,LÉTHARGIE
292,B-4,,Clustering,2026-05-21 09:13:00,2026-05-21 09:15:00,120,,00118_Acoustique_Poisson_2026-07-27.xlsx,REGROUPEMENT DE 6POISSONS
293,B-1,,Normal,2026-05-21 09:19:00,2026-05-21 09:21:00,120,,00118_Acoustique_Poisson_2026-07-27.xlsx,nan
294,B-2,,Normal,2026-05-21 09:21:00,2026-05-21 09:23:00,120,,00118_Acoustique_Poisson_2026-07-27.xlsx,nan
295,B-3,,Normal,2026-05-21 09:23:00,2026-05-21 09:25:00,120,,00118_Acoustique_Poisson_2026-07-27.xlsx,nan
296,B-4,,Normal,2026-05-21 09:25:00,2026-05-21 09:27:00,120,,00118_Acoustique_Poisson_2026-07-27.xlsx,nan
297,B-1,,Normal,2026-05-21 10:46:00,2026-05-21 10:56:00,600,,00118_Acoustique_Poisson_2026-07-27.xlsx,nan
298,B-2,,Normal,2026-05-21 10:46:00,2026-05-21 10:56:00,600,,00118_Acoustique_Poisson_2026-07-27.xlsx,nan
299,B-3,,Normal,2026-05-21 10:46:00,2026-05-21 10:56:00,600,,00118_Acoustique_Poisson_2026-07-27.xlsx,nan
300,B-3,,Agitation,2026-05-21 10:46:00,2026-05-21 10:50:00,240,,00118_Acoustique_Poisson_2026-07-27.xlsx,10:50 INDIVIDU A EU PEUR DE MOI
301,B-4,,Clustering,2026-05-21 10:46:00,2026-05-21 10:50:00,240,,00118_Acoustique_Poisson_2026-07-27.xlsx,nan
302,B-4,,Other,2026-05-21 10:46:00,2026-05-21 10:50:00,240,,00118_Acoustique_Poisson_2026-07-27.xlsx,10:52 REMIS CAMÉRA DANS BASSIN DÉTACHÉ
303,B-2,,Clustering,2026-05-21 10:46:00,2026-05-21 10:50:00,240,,00118_Acoustique_Poisson_2026-07-27.xlsx,INDIVIDU EN FUITE È MON APPROCHR
304,B-1,,Clustering,2026-05-21 10:56:00,2026-05-21 11:02:00,360,,00118_Acoustique_Poisson_2026-07-27.xlsx,FUITE DE 2 INDIVIDUS È MON APPROCHE
305,B-1,,Normal,2026-05-21 10:56:00,2026-05-21 11:02:00,360,,00118_Acoustique_Poisson_2026-07-27.xlsx,nan
306,B-2,,Clustering,2026-05-21 10:56:00,2026-05-21 11:02:00,360,,00118_Acoustique_Poisson_2026-07-27.xlsx,NAGE STATIQUE REGULIER
307,B-3,,Normal,2026-05-21 10:56:00,2026-05-21 11:02:00,360,,00118_Acoustique_Poisson_2026-07-27.xlsx,NAGE REGULIÈRE STATIQUE QUELQUES INDIVIDUS ISOLÉ DES AUTRES
308,B-3,,Clustering,2026-05-21 10:56:00,2026-05-21 11:02:00,360,,00118_Acoustique_Poisson_2026-07-27.xlsx,REGROUPEMENT DE CERTAIN INDIVIDUS
309,B-4,,Clustering,2026-05-21 10:56:00,2026-05-21 11:02:00,360,,00118_Acoustique_Poisson_2026-07-27.xlsx,"POISSONS REGROUPÉS, NAGE STATIQUE REGULIER"
310,B-4,,Clustering,2026-05-21 10:56:00,2026-05-21 11:08:00,720,,00118_Acoustique_Poisson_2026-07-27.xlsx,ONT EU PEUR À MON APPROCHE 1 INDIVIDU
311,B-1,,Agitation,2026-05-21 12:25:00,2026-05-21 12:35:00,600,,00118_Acoustique_Poisson_2026-07-27.xlsx,POISSONS AGITÉÀ MON APPROCHE 12:25
312,B-1,,Normal,2026-05-21 12:25:00,2026-05-21 12:35:00,600,,00118_Acoustique_Poisson_2026-07-27.xlsx,NAGE STATIQUE ET REGULIER POUR TOUS LES POISSONS
313,B-1,,Clustering,2026-05-21 12:25:00,2026-05-21 12:35:00,600,,00118_Acoustique_Poisson_2026-07-27.xlsx,CERTAIN SONT REGROUPÉS ENSEMBLE
314,B-2,,Clustering,2026-05-21 12:25:00,2026-05-21 12:35:00,600,,00118_Acoustique_Poisson_2026-07-27.xlsx,POISSONS TOUS REGROUPÉS NAGE STATIQUE ET REGULIER
315,B-3,,Normal,2026-05-21 12:25:00,2026-05-21 12:35:00,600,,00118_Acoustique_Poisson_2026-07-27.xlsx,RÉPARTIS DANS LE BASSIN NAGE STATIQUE ET REGULIER
316,B-4,,Clustering,2026-05-21 12:25:00,2026-05-21 12:35:00,600,,00118_Acoustique_Poisson_2026-07-27.xlsx,REGROUPÉS ENSEMBLE NAGE STATIQUE ET REGULIER
317,B-4,,Agitation,2026-05-21 12:25:00,2026-05-21 12:35:00,600,,00118_Acoustique_Poisson_2026-07-27.xlsx,2 POISSONS EN FUITE À MON APPROCHE 12:31
318,B-1,,Agitation,2026-05-21 12:42:00,2026-05-21 12:52:00,600,,00118_Acoustique_Poisson_2026-07-27.xlsx,FUITE DE CERTAIN POISSON À MON APPROCHE 12:43
319,B-2,,Clustering,2026-05-21 12:42:00,2026-05-21 12:52:00,600,,00118_Acoustique_Poisson_2026-07-27.xlsx,REGROUPÉS NAGE STATIQUE ET REGULIER
320,B-2,,Normal,2026-05-21 12:42:00,2026-05-21 12:52:00,600,,00118_Acoustique_Poisson_2026-07-27.xlsx,CERTAIN INDIVIDUS SÉPARÉS DU GROUPE NAGE STATIQUEET REGULIER
321,B-3,,Clustering,2026-05-21 12:42:00,2026-05-21 12:52:00,600,,00118_Acoustique_Poisson_2026-07-27.xlsx,CERTAIN REGROUPÉS SOUS LE DISTRIBUTEUR  DE NOURRITURE NAGE STATIQUE ET REGULIER
322,B-3,,Normal,2026-05-21 12:42:00,2026-05-21 12:52:00,600,,00118_Acoustique_Poisson_2026-07-27.xlsx,SEPARE DU GROUPE NAGE STATIQUE ET REGULIER
323,B-4,,Clustering,2026-05-21 12:42:00,2026-05-21 12:52:00,600,,00118_Acoustique_Poisson_2026-07-27.xlsx,REGROUPÉS ENSEMBLE NAGE STATIQUE ET REGULIER 12:50 FUITE D'un poisson à mon approche
324,B-1,,Normal,2026-05-21 14:05:00,2026-05-21 14:15:00,600,,00118_Acoustique_Poisson_2026-07-27.xlsx,NAGE STATIQUE ET REGULIER POUR TOUS LES POISSONS
325,B-2,,Clustering,2026-05-21 14:05:00,2026-05-21 14:15:00,600,,00118_Acoustique_Poisson_2026-07-27.xlsx,REGROUPÉS ENSEMBLE NAGE STATIQUE ET REGULIER LES POISSONS FORMENT DEUX GROUPES
326,B-3,,Normal,2026-05-21 14:05:00,2026-05-21 14:15:00,600,,00118_Acoustique_Poisson_2026-07-27.xlsx,REPARTIS DANS LE BASSIN NAGE REGULIÈRE ET STATIQUE
327,B-4,,Clustering,2026-05-21 14:05:00,2026-05-21 14:15:00,600,,00118_Acoustique_Poisson_2026-07-27.xlsx,REGROUPÉS NAGE STATIQUE ET REGULIER 14:11 POISSONS EN MOUVEMENT CAR ONT EU PEUR DE MOI
328,B-1,,Normal,2026-05-21 14:21:00,2026-05-21 14:31:00,600,,00118_Acoustique_Poisson_2026-07-27.xlsx,NAGE STATIQUE ET REGULIER
329,B-2,,Clustering,2026-05-21 14:21:00,2026-05-21 14:31:00,600,,00118_Acoustique_Poisson_2026-07-27.xlsx,CERTAIN POISSONS SONT REGROUPÉS NAGE STATIQUE ET REGULIER
330,B-2,,Normal,2026-05-21 14:21:00,2026-05-21 14:31:00,600,,00118_Acoustique_Poisson_2026-07-27.xlsx,D'AUTRE SONT DISPERSÉS DANS LE BASSIN NAGE STATIQUE ET REGULIER
331,B-3,,Normal,2026-05-21 14:21:00,2026-05-21 14:31:00,600,,00118_Acoustique_Poisson_2026-07-27.xlsx,"NAGE STATIQUE ET REGULIER, RÉPARTIS DANS LE BASSIN"
332,B-3,,Agitation,2026-05-21 14:21:00,2026-05-21 14:31:00,600,,00118_Acoustique_Poisson_2026-07-27.xlsx,14:26 1 INDIVIDU À EU PEUR DE MOI
333,B-4,,Agitation,2026-05-21 14:21:00,2026-05-21 14:31:00,600,,00118_Acoustique_Poisson_2026-07-27.xlsx,POISSONS NAGENT ACTIVEMENT  14:29 ET PARFOIS SE STOPPENT ET REPARTENT 
334,B-4,,Clustering,2026-05-21 14:21:00,2026-05-21 14:31:00,600,,00118_Acoustique_Poisson_2026-07-27.xlsx,"LORSQU'IL NE NAGENT PAS, ILS SONT EN GROUPE POURCERTAIN"
335,B-4,,Normal,2026-05-21 14:21:00,2026-05-21 14:31:00,600,,00118_Acoustique_Poisson_2026-07-27.xlsx,2 OU 3 INDIVIDUS SEPARÉS DU GROUPE NAGE STATIQUE ET REGULIER
336,B-1,,Normal,2026-05-29 08:50:00,2026-05-29 08:52:00,120,,00118_Acoustique_Poisson_2026-07-27.xlsx,nan
337,B2,,Clustering,2026-05-29 08:52:00,2026-05-29 08:54:00,120,,00118_Acoustique_Poisson_2026-07-27.xlsx,REGROUPEMENT DE 4 POISSONS
338,B-2,,Agitation,2026-05-29 08:52:00,2026-05-29 08:54:00,120,,00118_Acoustique_Poisson_2026-07-27.xlsx,1 INDIVIDUS AGITÉ NAGE RAPIDEMENT 
339,B-3,,Other,2026-05-29 08:54:00,2026-05-29 08:56:00,120,,00118_Acoustique_Poisson_2026-07-27.xlsx,PAS DE MOUVEMENT
340,B-4,,Agitation,2026-05-29 08:56:00,2026-05-29 08:58:00,120,,00118_Acoustique_Poisson_2026-07-27.xlsx,2 INDIVIDUS AGITÉS
341,B-1,,Normal,2026-05-29 09:05:00,2026-05-29 09:07:00,120,,00118_Acoustique_Poisson_2026-07-27.xlsx,nan
342,B-2,,Clustering,2026-05-29 09:07:00,2026-05-29 09:09:00,120,,00118_Acoustique_Poisson_2026-07-27.xlsx,REGROUPEMENT 4 POISSONS
343,B-3,,Normal,2026-05-29 09:09:00,2026-05-29 09:11:00,120,,00118_Acoustique_Poisson_2026-07-27.xlsx,nan
344,B-4,,Normal,2026-05-29 09:11:00,2026-05-29 09:13:00,120,,00118_Acoustique_Poisson_2026-07-27.xlsx,nan
345,B-1,,Normal,2026-05-29 10:20:00,2026-05-29 10:22:00,120,,00118_Acoustique_Poisson_2026-07-27.xlsx,nan
346,B-2,,Other,2026-05-29 10:22:00,2026-05-29 10:24:00,120,,00118_Acoustique_Poisson_2026-07-27.xlsx,nan
347,B-3,,Normal,2026-05-29 10:24:00,2026-05-29 10:26:00,120,,00118_Acoustique_Poisson_2026-07-27.xlsx,nan
348,B-4,,Normal,2026-05-29 10:26:00,2026-05-29 10:28:00,120,,00118_Acoustique_Poisson_2026-07-27.xlsx,nan
349,B-4,,Agitation,2026-05-29 10:26:00,2026-05-29 10:28:00,120,,00118_Acoustique_Poisson_2026-07-27.xlsx,1 INDIVIDU AGGRESSIF
350,B-1,,Normal,2026-05-29 10:35:00,2026-05-29 10:37:00,120,,00118_Acoustique_Poisson_2026-07-27.xlsx,nan
351,B-2,,Clustering,2026-05-29 10:37:00,2026-05-29 10:39:00,120,,00118_Acoustique_Poisson_2026-07-27.xlsx,REGROUPEMENT POISSONS
352,B-3,,Normal,2026-05-29 10:39:00,2026-05-29 10:41:00,120,,00118_Acoustique_Poisson_2026-07-27.xlsx,nan
353,B-4,,Normal,2026-05-29 10:41:00,2026-05-29 10:43:00,120,,00118_Acoustique_Poisson_2026-07-27.xlsx,nan
354,B-4,,Clustering,2026-05-29 10:41:00,2026-05-29 10:43:00,120,,00118_Acoustique_Poisson_2026-07-27.xlsx,REGROUPEMENT 9 POISSONS
355,B-1,,Normal,2026-05-29 11:50:00,2026-05-29 11:52:00,120,,00118_Acoustique_Poisson_2026-07-27.xlsx,nan
356,B-2,,Clustering,2026-05-29 11:52:00,2026-05-29 11:54:00,120,,00118_Acoustique_Poisson_2026-07-27.xlsx,REGROUPEMENT 6 POISSONS
357,B-2,,Agitation,2026-05-29 11:52:00,2026-05-29 11:54:00,120,,00118_Acoustique_Poisson_2026-07-27.xlsx,1 INDIVIDU AGITÉ
358,B-3,,Clustering,2026-05-29 11:54:00,2026-05-29 11:56:00,120,,00118_Acoustique_Poisson_2026-07-27.xlsx,REGROUPEMENT DE 6 INDIVIDUS
359,B-4,,Normal,2026-05-29 11:56:00,2026-05-29 11:58:00,120,,00118_Acoustique_Poisson_2026-07-27.xlsx,nan
360,B-1,,Normal,2026-05-29 12:05:00,2026-05-29 12:07:00,120,,00118_Acoustique_Poisson_2026-07-27.xlsx,ACTIVITÉ NORMALE
361,B-2,,Normal,2026-05-29 12:07:00,2026-05-29 12:09:00,120,,00118_Acoustique_Poisson_2026-07-27.xlsx,NORMAL
362,B-3,,Normal,2026-05-29 12:09:00,2026-05-29 12:11:00,120,,00118_Acoustique_Poisson_2026-07-27.xlsx,nan
363,B-4,,Clustering,2026-05-29 12:11:00,2026-05-29 12:13:00,120,,00118_Acoustique_Poisson_2026-07-27.xlsx,9 INDIVIDUS REGROUPÉS
364,B-4,,Agitation,2026-05-29 12:11:00,2026-05-29 12:13:00,120,,00118_Acoustique_Poisson_2026-07-27.xlsx,1 INDIVIDU AGITÉ
365,B-1,,Normal,2026-05-29 13:20:00,2026-05-29 13:22:00,120,,00118_Acoustique_Poisson_2026-07-27.xlsx,nan
366,B-2,,Clustering,2026-05-29 13:22:00,2026-05-29 13:24:00,120,,00118_Acoustique_Poisson_2026-07-27.xlsx,6 POISSONS REGROUPÉS
367,B-2,,Agitation,2026-05-29 13:22:00,2026-05-29 13:24:00,120,,00118_Acoustique_Poisson_2026-07-27.xlsx,1 INDIVIDU AGITÉ
368,B-3,,Normal,2026-05-29 13:24:00,2026-05-29 13:26:00,120,,00118_Acoustique_Poisson_2026-07-27.xlsx,nan
369,B-3,,Agitation,2026-05-29 13:24:00,2026-05-29 13:26:00,120,,00118_Acoustique_Poisson_2026-07-27.xlsx,1 INDIVIDU AGITÉ
370,B-4,,Normal,2026-05-29 13:26:00,2026-05-29 13:28:00,120,,00118_Acoustique_Poisson_2026-07-27.xlsx,nan
371,B-1,,Normal,2026-05-29 13:35:00,2026-05-29 13:37:00,120,,00118_Acoustique_Poisson_2026-07-27.xlsx,nan
372,B-2,,Other,2026-05-29 13:37:00,2026-05-29 13:39:00,120,,00118_Acoustique_Poisson_2026-07-27.xlsx,PEU DE MOUVEMENT
373,B-3,,Normal,2026-05-29 13:39:00,2026-05-29 13:41:00,120,,00118_Acoustique_Poisson_2026-07-27.xlsx,nan
374,B-4,,Normal,2026-05-29 13:41:00,2026-05-29 13:43:00,120,,00118_Acoustique_Poisson_2026-07-27.xlsx,nan
375,B-4,,Agitation,2026-05-29 13:41:00,2026-05-29 13:43:00,120,,00118_Acoustique_Poisson_2026-07-27.xlsx,1 INDIVIDU AGITÉ
376,B-1,,Clustering,2026-06-03 09:01:00,2026-06-03 09:11:00,600,,00118_Acoustique_Poisson_2026-07-27.xlsx,"REGROUPÉS,NAGE STATIQUE ET RÉGULIER"
377,B-1,,Normal,2026-06-03 09:01:00,2026-06-03 09:11:00,600,,00118_Acoustique_Poisson_2026-07-27.xlsx,"CERTAIN SONT SÉPARÉS DU GROUPE, NAGE STATIQUE ET RÉGULIER"
378,B-2,,Normal,2026-06-03 09:01:00,2026-06-03 09:11:00,600,,00118_Acoustique_Poisson_2026-07-27.xlsx,NAGE STATIQUE ET RÉGULIER
379,B-2,,Agitation,2026-06-03 09:01:00,2026-06-03 09:11:00,600,,00118_Acoustique_Poisson_2026-07-27.xlsx,"1 INDIVIDU EN FUITE, PEUR DE MOI"
380,B-3,,Normal,2026-06-03 09:01:00,2026-06-03 09:11:00,600,,00118_Acoustique_Poisson_2026-07-27.xlsx,NAGE STATIQUE ET RÉGULIER
381,B-3,,Agitation,2026-06-03 09:01:00,2026-06-03 09:11:00,600,,00118_Acoustique_Poisson_2026-07-27.xlsx,09:07 1 INDIVIDU TOURNE AUTOUR DU TROP PLEIN DU BASSIN DE FAÇON CONTINU
382,B-4,,Agitation,2026-06-03 09:01:00,2026-06-03 09:11:00,600,,00118_Acoustique_Poisson_2026-07-27.xlsx,09:09 2 INDIVIDUS ONT EU PEUR DE MOI
383,B-4,,Normal,2026-06-03 09:01:00,2026-06-03 09:11:00,600,,00118_Acoustique_Poisson_2026-07-27.xlsx,NAGE STATIQUE ER REGULIER
384,B-1,,Clustering,2026-06-03 09:18:00,2026-06-03 09:28:00,600,,00118_Acoustique_Poisson_2026-07-27.xlsx,REGROUPÉS NAGE STATIQUE ET RÉGULIER
385,B-2,,Clustering,2026-06-03 09:18:00,2026-06-03 09:28:00,600,,00118_Acoustique_Poisson_2026-07-27.xlsx,"REGROUPÉS EN 2 GROUPE DISTINCTS, NAGE STATIQUES ET RÉGULIERE"
386,B-2,,Agitation,2026-06-03 09:18:00,2026-06-03 09:28:00,600,,00118_Acoustique_Poisson_2026-07-27.xlsx,09:20 CERTAIN SE DÉPLACE D'UN GROUPE À L'AUTRE
387,B-3,,Normal,2026-06-03 09:18:00,2026-06-03 09:28:00,600,,00118_Acoustique_Poisson_2026-07-27.xlsx,NAGE STATIQUE ET REGULIERE
388,B-3,,Agitation,2026-06-03 09:18:00,2026-06-03 09:28:00,600,,00118_Acoustique_Poisson_2026-07-27.xlsx,09:25 1 INDIVIDU TOURNE AUTOUR DU TROP PLEIN DE FAÇON CONSTANTE
389,B-4,,Normal,2026-06-03 09:18:00,2026-06-03 09:28:00,600,,00118_Acoustique_Poisson_2026-07-27.xlsx,CERTAIN INDIVIDU SONT À 2 OU SEUL DANS LE BASSIN
390,B-4,,Clustering,2026-06-03 09:18:00,2026-06-03 09:28:00,600,,00118_Acoustique_Poisson_2026-07-27.xlsx,UN GROUPE DE PLUSIEURS INDIVIDUS SONT REGROUPÉS PROCHE DE LA POMPE À COURANT
391,B-4,,Agitation,2026-06-03 09:18:00,2026-06-03 09:28:00,600,,00118_Acoustique_Poisson_2026-07-27.xlsx,"09:26 DEUX INDIVIDUS NAGENT PLUS RAPIDEMENT, ONDIRAIT QU""ILS SE POURSUIVENT"
392,B-1,,Normal,2026-06-03 10:40:00,2026-06-03 10:50:00,600,,00118_Acoustique_Poisson_2026-07-27.xlsx,NAGE STATIQUE ER RÉGULIERE POUR CERTAIN INDIVIDU
393,B-1,,Clustering,2026-06-03 10:40:00,2026-06-03 10:50:00,600,,00118_Acoustique_Poisson_2026-07-27.xlsx,CERTAIN SONT REGROUPÉS ENSEMBLES
394,B-2,,Clustering,2026-06-03 10:40:00,2026-06-03 10:50:00,600,,00118_Acoustique_Poisson_2026-07-27.xlsx,REGROUPÉS ENSEMBLE NAGE STATIQUE ET REGULIÈRE
395,B-2,,Normal,2026-06-03 10:40:00,2026-06-03 10:50:00,600,,00118_Acoustique_Poisson_2026-07-27.xlsx,2 INDIVIDUS ENSEMBLE ET SÉPARÉS DU GROUPE NAGE STATIQUE ET REGULIERE
396,B-3,,Normal,2026-06-03 10:40:00,2026-06-03 10:50:00,600,,00118_Acoustique_Poisson_2026-07-27.xlsx,NAGE STATIQUE ET REGULIERE
397,B-4,,Clustering,2026-06-03 10:40:00,2026-06-03 10:50:00,600,,00118_Acoustique_Poisson_2026-07-27.xlsx,CERTAIN INDIVIDUS SONT REGROUPÉS ENSEMBLE PROCHE DE LA POMPE À COURANT
398,B-4,,Normal,2026-06-03 10:40:00,2026-06-03 10:50:00,600,,00118_Acoustique_Poisson_2026-07-27.xlsx,"CERTAIN SONT SÉPARÉS DU GROUPE, NAGE STATIQUE ET RÉGULIER"
399,B-1,,Clustering,2026-06-03 10:57:00,2026-06-03 11:07:00,600,,00118_Acoustique_Poisson_2026-07-27.xlsx,"REGROUPÉS, NAGE STATIQUE ET RÉGULIERE"
400,B-1,,Agitation,2026-06-03 10:57:00,2026-06-03 11:07:00,600,,00118_Acoustique_Poisson_2026-07-27.xlsx,CERTAIN INDIVIDUS SORTENT DU GROUPE ET REVIENNENT
401,B-2,,Clustering,2026-06-03 10:57:00,2026-06-03 11:07:00,600,,00118_Acoustique_Poisson_2026-07-27.xlsx,"REGROUPÉS ENSEMBLES, NAGE STATIQUE ET REGULIERE"
402,B-2,,Normal,2026-06-03 10:57:00,2026-06-03 11:07:00,600,,00118_Acoustique_Poisson_2026-07-27.xlsx,"2 INDIVIDUS SÉPARÉS DU GROUPE, PLACÉS SÉPAREMEMENT À L'OPPOSÉ DU GROUPE, NAGE STATIQUE ET REGULIERE"
403,B-3,,Normal,2026-06-03 10:57:00,2026-06-03 11:07:00,600,,00118_Acoustique_Poisson_2026-07-27.xlsx,NAGE STATIQUE  ET REGULIERE
404,B-3,,Agitation,2026-06-03 10:57:00,2026-06-03 11:07:00,600,,00118_Acoustique_Poisson_2026-07-27.xlsx,MÊME INDIVIDU QUE CE MATIN QUI TOURNE AUTOUR DU TROP PLEINS CONSTAMENT
405,B-4,,Clustering,2026-06-03 10:57:00,2026-06-03 11:07:00,600,,00118_Acoustique_Poisson_2026-07-27.xlsx,REGROUPÉS AU NIVEAU DE LA POMPE À COURANT
406,B-4,,Normal,2026-06-03 10:57:00,2026-06-03 11:07:00,600,,00118_Acoustique_Poisson_2026-07-27.xlsx,4 INDIVIDUS SÉPARÉS DU GROUPE 11:57 1 INDIVIDU NAGE PLUS ACTIVEMENT SE DÉPLACE DANS LE BASSIN
407,B-1,,Clustering,2026-06-03 12:09:00,2026-06-03 12:19:00,600,,00118_Acoustique_Poisson_2026-07-27.xlsx,"REGROUPÉS TOUS ENSEMBLES, NAGE STATIQUE ET REGULIERE"
408,B-1,,Agitation,2026-06-03 12:09:00,2026-06-03 12:19:00,600,,00118_Acoustique_Poisson_2026-07-27.xlsx,1 INDIVIDUS SE DÉPLACE DE TEMPS EN TEMPS 12:11
409,B-2,,Clustering,2026-06-03 12:09:00,2026-06-03 12:19:00,600,,00118_Acoustique_Poisson_2026-07-27.xlsx,"REGROUPÉS ENSEMBLE, NAGE STATIQUE ET REGULIERE"
410,B-2,,Normal,2026-06-03 12:09:00,2026-06-03 12:19:00,600,,00118_Acoustique_Poisson_2026-07-27.xlsx,"1 INDIVIDU SÉPARÉ DU GROUPE, NAGE STATIQUE ETREGULIERE"
411,B-2,,Agitation,2026-06-03 12:09:00,2026-06-03 12:19:00,600,,00118_Acoustique_Poisson_2026-07-27.xlsx,"1 INDIVIDU QUI SE DÉPLACE DANS LE BASSIN , NAGE REGULIERE  12:13"
412,B-3,,Normal,2026-06-03 12:09:00,2026-06-03 12:19:00,600,,00118_Acoustique_Poisson_2026-07-27.xlsx,NAGE REGULIERE ET STATIQUE
413,B-3,,Agitation,2026-06-03 12:09:00,2026-06-03 12:19:00,600,,00118_Acoustique_Poisson_2026-07-27.xlsx,"12:18 LE MÊMEINDIVIDU QUI NAGE AUTOUR DU TROP PLEIN, NAGE ACTIVE"
414,B-4,,Clustering,2026-06-03 12:09:00,2026-06-03 12:19:00,600,,00118_Acoustique_Poisson_2026-07-27.xlsx,"REGROUPÉS ENSEMBLE PROCHE DE LA POMPE À COURANT, NAGE STATIQUE ET REGULIERE"
415,B-4,,Normal,2026-06-03 12:09:00,2026-06-03 12:19:00,600,,00118_Acoustique_Poisson_2026-07-27.xlsx,"3 INDIVIDUS SÉPARÉS DU GROUPE, NAGE STATIQUE ET REGULIERE"
416,B-1,,Agitation,2026-06-03 12:26:00,2026-06-03 12:36:00,600,,00118_Acoustique_Poisson_2026-07-27.xlsx,"NAGE PLUS ACTIVE DE CERTAIN POISSON, NAGE À L'EXTÉRIEURE DU GROUPE ET REVIENNENT"
417,B-1,,Clustering,2026-06-03 12:26:00,2026-06-03 12:36:00,600,,00118_Acoustique_Poisson_2026-07-27.xlsx,"TOUS REGROUPÉS ENSEMBLE, NAGE STATIQUE  ET REGULIERE"
418,B-2,,Clustering,2026-06-03 12:26:00,2026-06-03 12:36:00,600,,00118_Acoustique_Poisson_2026-07-27.xlsx,"TOUS REGROUPÉS ENSEMBLE, NAGE STATIQUE  ET REGULIERE"
419,B-2,,Agitation,2026-06-03 12:26:00,2026-06-03 12:36:00,600,,00118_Acoustique_Poisson_2026-07-27.xlsx,CERATINS INDIVIDUS NAGE EN DEHORS DU GROUPE ET REVIENNE 12:31
420,B-3,,Clustering,2026-06-03 12:26:00,2026-06-03 12:36:00,600,,00118_Acoustique_Poisson_2026-07-27.xlsx,REGROUPÉS ENSEMBLE NAGE STATIQUE ET REGULIER
421,B-3,,Normal,2026-06-03 12:26:00,2026-06-03 12:36:00,600,,00118_Acoustique_Poisson_2026-07-27.xlsx,CERTAINS INDIVIDUS EN DEHORS DU GROUPE NAGE STATIQUE ET REGULIER
422,B-3,,Agitation,2026-06-03 12:26:00,2026-06-03 12:36:00,600,,00118_Acoustique_Poisson_2026-07-27.xlsx,12:32 1 INDIVIDU SE DÉPLACE NAGE REGULIERE 12:34 MÊME INDIVIDU TOURNE AUTOUR DU TROP PLEIN MAIS MOINS ACTIVEMENT QUE PRÉCÉDEMENT
423,B-4,,Clustering,2026-06-03 12:26:00,2026-06-03 12:36:00,600,,00118_Acoustique_Poisson_2026-07-27.xlsx,REGROUPÉS ENSEMBLE AU NIVEAU DE LA POMPE À COURANT NAGE STATIQUE E REGULIERE
424,B-4,,Normal,2026-06-03 12:26:00,2026-06-03 12:36:00,600,,00118_Acoustique_Poisson_2026-07-27.xlsx,3 INDIVIDUS SÉPARÉ DU GROUPE NAGE STATIQUE ET REGULIERE
425,B-1,,Clustering,2026-06-03 13:48:00,2026-06-03 13:58:00,600,,00118_Acoustique_Poisson_2026-07-27.xlsx,REGROUPÉS NAGE STATIQUE ET REGULIERE
426,B-1,,Agitation,2026-06-03 13:48:00,2026-06-03 13:58:00,600,,00118_Acoustique_Poisson_2026-07-27.xlsx,CERTAIN INDIVIDUS SE DEPLACENT DANS LE BASSIN NAGE REGULIERE
427,B-2,,Clustering,2026-06-03 13:48:00,2026-06-03 13:58:00,600,,00118_Acoustique_Poisson_2026-07-27.xlsx,REGROUPÉS ENSEMBLE NAGE REGULIERE ET STATIQUE
428,B-2,,Normal,2026-06-03 13:48:00,2026-06-03 13:58:00,600,,00118_Acoustique_Poisson_2026-07-27.xlsx,"1 INDIVIDU SÉPARÉ DU GROUPE, NAGE STATIQUE ET REGULIERE"
429,B-2,,Agitation,2026-06-03 13:48:00,2026-06-03 13:58:00,600,,00118_Acoustique_Poisson_2026-07-27.xlsx,"12:52 INDIVIDU TOUT SEUL CHARGE UN AUTRE POISSON, NAGEANT VERS LUI ET ENSUITE LINDIVIDU SE REPLACE AU MÊME ENDROIT TOUT SEUL"
430,B-3,,Normal,2026-06-03 13:48:00,2026-06-03 13:58:00,600,,00118_Acoustique_Poisson_2026-07-27.xlsx,NAGE STATIQUE ET REGULIERE
431,B-3,,Agitation,2026-06-03 13:48:00,2026-06-03 13:58:00,600,,00118_Acoustique_Poisson_2026-07-27.xlsx,LE MÊME INDIVIDU NAGE AUTOUR DU TROP PLEIN NAGE LENTE ET REGULIERE PARFOIS RESTE STATIQUE AVANTDE CONTINUER À TOURNER
432,B-4,,Clustering,2026-06-03 13:48:00,2026-06-03 13:58:00,600,,00118_Acoustique_Poisson_2026-07-27.xlsx,REGROUPÉS AU NIVEAU DE LA POMPE À COURANT NAGE STATIQUE ET REGULIERE
433,B-4,,Normal,2026-06-03 13:48:00,2026-06-03 13:58:00,600,,00118_Acoustique_Poisson_2026-07-27.xlsx,3 INDIVIDUS SEPARÉS DU GROUPE ET SEPARE DES UN DES AUTRES NAGE STATIQUE ET REGULIERE
434,B-1,,Clustering,2026-06-03 14:05:00,2026-06-03 14:15:00,600,,00118_Acoustique_Poisson_2026-07-27.xlsx,REGROUPÉS ENSEMBLE NAGE STATIQUE ET REGULIERE
435,B-1,,Agitation,2026-06-03 14:05:00,2026-06-03 14:15:00,600,,00118_Acoustique_Poisson_2026-07-27.xlsx,14:06 1 INDIVIDU NAEGE DANS LE BASSIN NAGE STATIQUE ET REGULIERE
436,B-2,,Clustering,2026-06-03 14:05:00,2026-06-03 14:15:00,600,,00118_Acoustique_Poisson_2026-07-27.xlsx,REGROUPÉS ENSEMBLE NAGE STATIQUE ET REGULIERE
437,B-2,,Agitation,2026-06-03 14:05:00,2026-06-03 14:15:00,600,,00118_Acoustique_Poisson_2026-07-27.xlsx,14:08 1 INDIVIDU NAGE DANS LE BASSIN PART ET REVIENT DANS LE GROUPE NAGE REGULIERE
438,B-3,,Agitation,2026-06-03 14:05:00,2026-06-03 14:15:00,600,,00118_Acoustique_Poisson_2026-07-27.xlsx,nan
439,B-3,,Normal,2026-06-03 14:05:00,2026-06-03 14:15:00,600,,00118_Acoustique_Poisson_2026-07-27.xlsx,14:09 1 POISSON EN FUITE À MON APPROCHE
440,B-3,,Agitation,2026-06-03 14:05:00,2026-06-03 14:15:00,600,,00118_Acoustique_Poisson_2026-07-27.xlsx,"14:11 MÊME INDIVIDU TOURNE AUTOUR DU TROP PLEIN EN FAISANT DES ARRÊTS, DE TEMPS EN TEMPS NAGE LENTE "
441,B-4,,Clustering,2026-06-03 14:05:00,2026-06-03 14:15:00,600,,00118_Acoustique_Poisson_2026-07-27.xlsx,"REGROUPÉS ENSEMBLE AU NIVEAU DE LA POMPE À COURANT, NAGE REGULIERE ET STATIQUE"
442,B-4,,Normal,2026-06-03 14:05:00,2026-06-03 14:15:00,600,,00118_Acoustique_Poisson_2026-07-27.xlsx,"3 INDIVIDUS SÉPARÉS DU GROUPE NAGE STATIQUE ET REGULIERE, 3 INDIVIDUS SONT SEPARERS DES UN DES AUTRE"
443,B-1,,Clustering,2026-06-06 09:09:00,2026-06-06 09:19:00,600,,00118_Acoustique_Poisson_2026-07-27.xlsx,"REGROUPÉS ENSEMBLE, NAGE STATIQUE REGULIERE"
444,B-2,,Clustering,2026-06-06 09:09:00,2026-06-06 09:19:00,600,,00118_Acoustique_Poisson_2026-07-27.xlsx,REGROUPÉS ENSEMBLE NAGE STATIQUE ET REGULIERE
445,B-2,,Normal,2026-06-06 09:09:00,2026-06-06 09:19:00,600,,00118_Acoustique_Poisson_2026-07-27.xlsx,"1 INDIVIDUS SÉPARÉ DU GROUPE, NAGE STATIQUEET REGULIERE"
446,B-2,,Agitation,2026-06-06 09:09:00,2026-06-06 09:19:00,600,,00118_Acoustique_Poisson_2026-07-27.xlsx,"09:11 INDIVIDU SEUL POURSUIT UN AUTRE  POISSONS S'APPROCHANT DE LUI, 09:12 1 INDIVIDU DU GROUPE NAGE SORT DU GROUPE ET REVIENT DANS LE GROUPE, NAGE STATIQUE ET REGULIER"
447,B-3,,Clustering,2026-06-06 09:09:00,2026-06-06 09:19:00,600,,00118_Acoustique_Poisson_2026-07-27.xlsx,REGROUPÉS ENSEMBLE NAGE STATIQUE ET REGULIERE
448,B-3,,Normal,2026-06-06 09:09:00,2026-06-06 09:19:00,600,,00118_Acoustique_Poisson_2026-07-27.xlsx,"1 INDIVIDU SÉPARÉ DU GROUPE NAGE STATIQUE ET REGULIERE, 09:15 1 INDIVIDU TOURNE AUTOUR DU TROP PLEIN, NAGE REGULIERE"
449,B-3,,Agitation,2026-06-06 09:09:00,2026-06-06 09:19:00,600,,00118_Acoustique_Poisson_2026-07-27.xlsx,09:16:00 1 INDIVIDU NAGE PLUS ACTIVEMENT DANS LE BASSIN SE DÉPLACE
450,B-4,,Clustering,2026-06-06 09:09:00,2026-06-06 09:19:00,600,,00118_Acoustique_Poisson_2026-07-27.xlsx,"REGROUPÉS ENSEMBLE AU NIVEAU DE LA POMPE À COURANT, NAGE REGULIERE ET STATIQUE"
451,B-4,,Agitation,2026-06-06 09:09:00,2026-06-06 09:19:00,600,,00118_Acoustique_Poisson_2026-07-27.xlsx,08:19 1 POISSON POURSUIT UN AUTRE POISSON
452,B-4,,Normal,2026-06-06 09:09:00,2026-06-06 09:19:00,600,,00118_Acoustique_Poisson_2026-07-27.xlsx,"4 INDIVIDUS SÉPARÉS DU GROUPE, NAGE STATIQUE ET REGULIERE"
453,B-1,,Clustering,2026-06-06 09:26:00,2026-06-06 09:36:00,600,,00118_Acoustique_Poisson_2026-07-27.xlsx,REGROUPÉS ENSEMBLE NAGE STATIQUE ET REGULIERE
454,B-1,,Normal,2026-06-06 09:26:00,2026-06-06 09:36:00,600,,00118_Acoustique_Poisson_2026-07-27.xlsx,nan
455,B-1,,Agitation,2026-06-06 09:26:00,2026-06-06 09:36:00,600,,00118_Acoustique_Poisson_2026-07-27.xlsx,"09:28 1 INDIVIDU NAGE DANS LE BASSIN , NAGE STATIQUE ET REGULIERE"
456,B-2,,Clustering,2026-06-06 09:26:00,2026-06-06 09:36:00,600,,00118_Acoustique_Poisson_2026-07-27.xlsx,REGROUPÉS  ENSEMBLE
457,B-2,,Normal,2026-06-06 09:26:00,2026-06-06 09:36:00,600,,00118_Acoustique_Poisson_2026-07-27.xlsx,1 INDIVIDU SÉPARÉ DU GROUPE NAGE STATIQUE ET REGULIERE
458,B-3,,Clustering,2026-06-06 09:26:00,2026-06-06 09:36:00,600,,00118_Acoustique_Poisson_2026-07-27.xlsx,REGROUPÉS ENSEMBLE NAGE STATIQUE ET REGULIERE
459,B-3,,Normal,2026-06-06 09:26:00,2026-06-06 09:36:00,600,,00118_Acoustique_Poisson_2026-07-27.xlsx,09:32 1 INDIVIDU SÉPARÉ DU GROUPE NAGE STATIQUE ET REGULIERE
460,B-3,,Agitation,2026-06-06 09:26:00,2026-06-06 09:36:00,600,,00118_Acoustique_Poisson_2026-07-27.xlsx,09:32 LE MÊME INDIVIDU TOURNE AUTOUR DU TROP PLEIN NAGE REGULIERE
461,B-4,,Agitation,2026-06-06 09:26:00,2026-06-06 09:36:00,600,,00118_Acoustique_Poisson_2026-07-27.xlsx,09:34 1 INDIVIDU POURCHASSE D'AUTRE POISSONS
462,B-4,,Clustering,2026-06-06 09:26:00,2026-06-06 09:36:00,600,,00118_Acoustique_Poisson_2026-07-27.xlsx,"REGROUPÉS ENSEMBLE AU NIVEAU DE LA POMPE  À COURANT, NAGE STATIQUE ET REGULIERE"
463,B-4,,Agitation,2026-06-06 09:26:00,2026-06-06 09:36:00,600,,00118_Acoustique_Poisson_2026-07-27.xlsx,09:35 1 POISSON POURCHASSE D'AUTRE POISSON
464,B-4,,Normal,2026-06-06 09:26:00,2026-06-06 09:36:00,600,,00118_Acoustique_Poisson_2026-07-27.xlsx,4 INDIVIDUS SÉPARÉS DU GROUPE NAGE STATIQUE  ET REGULIERE
465,B-1,,Clustering,2026-06-06 10:48:00,2026-06-06 10:58:00,600,,00118_Acoustique_Poisson_2026-07-27.xlsx,REGROUPÉS ENSEMBLE NAGE STATIQUE ET REGULIERE
466,B-1,,Normal,2026-06-06 10:48:00,2026-06-06 10:58:00,600,,00118_Acoustique_Poisson_2026-07-27.xlsx,2 POISSONS SÉPARÉS DU GROUPE NAGE STATIQUE ET REGULIERE
467,B-1,,Agitation,2026-06-06 10:48:00,2026-06-06 10:58:00,600,,00118_Acoustique_Poisson_2026-07-27.xlsx,10:49 1 POISSON NAGE TRANQUILLEMENT DANS LE BASSIN FAIT DES TOURS NAGE REGULIERE
468,B-2,,Agitation,2026-06-06 10:48:00,2026-06-06 10:58:00,600,,00118_Acoustique_Poisson_2026-07-27.xlsx,10:51 1POISSON S'EST ENFUI À MON APPROCHE
469,B-2,,Clustering,2026-06-06 10:48:00,2026-06-06 10:58:00,600,,00118_Acoustique_Poisson_2026-07-27.xlsx,REGROUPÉS ENSEMBLE NAGE STATIQUE ET REGULIERE
470,B-2,,Agitation,2026-06-06 10:48:00,2026-06-06 10:58:00,600,,00118_Acoustique_Poisson_2026-07-27.xlsx,10:52 1 POISSON S'EST AGITÉ ET REVENU DANS LE GROUPE
471,B-2,,Normal,2026-06-06 10:48:00,2026-06-06 10:58:00,600,,00118_Acoustique_Poisson_2026-07-27.xlsx,2 POISSONS SÉPARÉS DU GROUPE NAGE STATIQUE ET REGULIERE
472,B-3,,Normal,2026-06-06 10:48:00,2026-06-06 10:58:00,600,,00118_Acoustique_Poisson_2026-07-27.xlsx,NAGE STATIQUE ET REGULIERE
473,B-3,,Agitation,2026-06-06 10:48:00,2026-06-06 10:58:00,600,,00118_Acoustique_Poisson_2026-07-27.xlsx,"MÊME POISSON QUI TOURNE AUTOUR DU TROP PLEIN, NAGE REGULIERE"
474,B-4,,Clustering,2026-06-06 10:48:00,2026-06-06 10:58:00,600,,00118_Acoustique_Poisson_2026-07-27.xlsx,"REGROUPÉS ENSEMBLE NAGE STATIQUE ET REGULIERE, NAGE AU NIVEAU DE LA POMPE À COURANT"
475,B-4,,Agitation,2026-06-06 10:48:00,2026-06-06 10:58:00,600,,00118_Acoustique_Poisson_2026-07-27.xlsx,10:56 1 POISSON EN FUITE S'EST DÉPLACÉ RAPIDEMENT D'UN COUP
476,B-4,,Normal,2026-06-06 10:48:00,2026-06-06 10:58:00,600,,00118_Acoustique_Poisson_2026-07-27.xlsx,4 POISSONS SÉPARÉS DU GROUPE
477,B-4,,Other,2026-06-06 10:48:00,2026-06-06 10:58:00,600,,00118_Acoustique_Poisson_2026-07-27.xlsx,1 POISSON LÉTHARGIQUE NAGE SUR LE CÔTÉ
478,B-1,,Clustering,2026-06-06 11:05:00,2026-06-06 11:15:00,600,,00118_Acoustique_Poisson_2026-07-27.xlsx,REGROUPÉS ENSEMBLE NAGE STATIQUE ET REGULIERE
479,B-1,,Normal,2026-06-06 11:05:00,2026-06-06 11:15:00,600,,00118_Acoustique_Poisson_2026-07-27.xlsx,1 POISSON SÉPARÉ DU GROUPE  NAGE STATIQUE ET REGULIERE
480,B-1,,Agitation,2026-06-06 11:05:00,2026-06-06 11:15:00,600,,00118_Acoustique_Poisson_2026-07-27.xlsx,11:07:00 1 POISSON  NAGE FAIT LE TOUR DU BASSIN  MÊME POISSON QUE PRÉCÉDEMENT NAGE REGULIERE
481,B-2,,Clustering,2026-06-06 11:05:00,2026-06-06 11:15:00,600,,00118_Acoustique_Poisson_2026-07-27.xlsx,"REGROUPÉS ENSEMBLE, NAGE REGULIERE ET STATIQUE"
482,B-2,,Normal,2026-06-06 11:05:00,2026-06-06 11:15:00,600,,00118_Acoustique_Poisson_2026-07-27.xlsx,2 POISSONS SEPARÉS DU GROUPE NAGE STATIQUE ET REGULIERE
483,B-2,,Agitation,2026-06-06 11:05:00,2026-06-06 11:15:00,600,,00118_Acoustique_Poisson_2026-07-27.xlsx,11:11 1 POISSON NAGE DANS LE BASSIN NAGE REGULIERE
484,B-3,,Clustering,2026-06-06 11:05:00,2026-06-06 11:15:00,600,,00118_Acoustique_Poisson_2026-07-27.xlsx,REGROUPÉS ENSEMBLE NAGE REGULIERE ET STATIQUE
485,B-3,,Normal,2026-06-06 11:05:00,2026-06-06 11:15:00,600,,00118_Acoustique_Poisson_2026-07-27.xlsx,"2 INDIVIDUS SEÉPARÉS DU GROUPE, NAGE STATIQUE ET REGULIERE"
486,B-3,,Agitation,2026-06-06 11:05:00,2026-06-06 11:15:00,600,,00118_Acoustique_Poisson_2026-07-27.xlsx,1 POISSON LE MÊME NAGE AUTOUR DU TROP PLEIN NAGE REGULIERE
487,B-4,,Clustering,2026-06-06 11:05:00,2026-06-06 11:15:00,600,,00118_Acoustique_Poisson_2026-07-27.xlsx,REGROUPÉS ENSEMBLE NAGE STATIQUE ET REGULIERE SONT AU NIVEAU DE LA POMPE À COURANT
488,B-4,,Normal,2026-06-06 11:05:00,2026-06-06 11:15:00,600,,00118_Acoustique_Poisson_2026-07-27.xlsx,1 INDIVIDU SÉPARÉ DU GROUPE NAGE STATIQUE ET REGULIERE
489,B-4,,Other,2026-06-06 11:05:00,2026-06-06 11:15:00,600,,00118_Acoustique_Poisson_2026-07-27.xlsx,1 POISSON LÉTHARGIQUE NAGE STATIQUE SUR LE CÔTÉ
490,B-1,,Agitation,2026-06-06 12:18:00,2026-06-06 12:28:00,600,,00118_Acoustique_Poisson_2026-07-27.xlsx,12:18 POISSONS SONT ACTIFS NAGE RAPIDE À LENTE DANS LE BASSIN
491,B-1,,Normal,2026-06-06 12:18:00,2026-06-06 12:28:00,600,,00118_Acoustique_Poisson_2026-07-27.xlsx,NAGE REGULIERE ET STATIQUE REPARTIS DANS LE BASSIN
492,B-1,,Agitation,2026-06-06 12:18:00,2026-06-06 12:28:00,600,,00118_Acoustique_Poisson_2026-07-27.xlsx,12:20 1 POISSON A EU PEUR DE MOI  EN FUITE
493,B-2,,Clustering,2026-06-06 12:18:00,2026-06-06 12:28:00,600,,00118_Acoustique_Poisson_2026-07-27.xlsx,REGROUPÉS ENSEMBLE NAGE STATIQUE ET REGULIERE
494,B-2,,Normal,2026-06-06 12:18:00,2026-06-06 12:28:00,600,,00118_Acoustique_Poisson_2026-07-27.xlsx,3  POISSONS SÉPARÉS DU GROUPE ET SÉPARÉ DES UN DES AUTRES NAGE STAIQUE ET REGULIERE
495,B-2,,Agitation,2026-06-06 12:18:00,2026-06-06 12:28:00,600,,00118_Acoustique_Poisson_2026-07-27.xlsx,"1 POISSON  NAGE DANS LE BASSIN, SORT ET REVIENT VERS LE GROUPE NAGE REGULIERE"
496,B-3,,Normal,2026-06-06 12:18:00,2026-06-06 12:28:00,600,,00118_Acoustique_Poisson_2026-07-27.xlsx,"NAGE STATIQUE ET REGULIERE, SONT RÉPARTIS DANS LE BASSIN"
497,B-3,,Agitation,2026-06-06 12:18:00,2026-06-06 12:28:00,600,,00118_Acoustique_Poisson_2026-07-27.xlsx,1 POISSON LE MÊME NAGE AUTOUR DU TROP PLEIN NAGE REGULIERE
498,B-4,,Clustering,2026-06-06 12:18:00,2026-06-06 12:28:00,600,,00118_Acoustique_Poisson_2026-07-27.xlsx,"REGROUPÉS ENSEMBLE AU NIVEAU DE LA POMPE À COURANT, NAGE STATIQUE ET REGULIERE"
499,B-4,,Normal,2026-06-06 12:18:00,2026-06-06 12:28:00,600,,00118_Acoustique_Poisson_2026-07-27.xlsx,"3 POISSONS SÉPARÉS DU GROUPE, RÉPARTIS DANS LEBASSIN SÉPAREMENT DES UNS DES AUTRES, NAGE STATIQUE ET REGULIERE"
500,B-4,,Other,2026-06-06 12:18:00,2026-06-06 12:28:00,600,,00118_Acoustique_Poisson_2026-07-27.xlsx,1 POISSON LE MÊME EST LÉTHARGIQUE NAGE STATIQUE SUR LE CÔTÉ
501,B-1,,Agitation,2026-06-06 12:36:00,2026-06-06 12:46:00,600,,00118_Acoustique_Poisson_2026-07-27.xlsx,POISSONS NAGENT ACTIVEMENT  SE POURSUIVENT  12:36
502,B-1,,Clustering,2026-06-06 12:36:00,2026-06-06 12:46:00,600,,00118_Acoustique_Poisson_2026-07-27.xlsx,REGROUPÉS ENSEMBLE NAGE STATIQUE ET REGULIERE
503,B-2,,Clustering,2026-06-06 12:36:00,2026-06-06 12:46:00,600,,00118_Acoustique_Poisson_2026-07-27.xlsx,REGROUPÉS ENSEMBLE NAGE REGULIERE ET STATIQUE
504,B-2,,Normal,2026-06-06 12:36:00,2026-06-06 12:46:00,600,,00118_Acoustique_Poisson_2026-07-27.xlsx,2 POISSONS SÉPARÉS DU GROUPE NAGE STATIQUE ET REGULIERE
505,B-2,,Agitation,2026-06-06 12:36:00,2026-06-06 12:46:00,600,,00118_Acoustique_Poisson_2026-07-27.xlsx,1 POISSON LE MÊME NAGE DANS LE BASSIN SORT ET REVIENS DANS LE GROUPE
506,B-3,,Normal,2026-06-06 12:36:00,2026-06-06 12:46:00,600,,00118_Acoustique_Poisson_2026-07-27.xlsx,NAGE REGULIERE ET STATIQUE RÉPARTIS DANS LE BASSIN 12:41 NAGE AUTOUR DU TROP PLEIN NAGE STATIQUE ET REGULIERE
507,B-3,,Agitation,2026-06-06 12:36:00,2026-06-06 12:46:00,600,,00118_Acoustique_Poisson_2026-07-27.xlsx,12:42 1 POISSON NAGE PLUS REPIDEMENT ET SE CALME
508,B-4,,Clustering,2026-06-06 12:36:00,2026-06-06 12:46:00,600,,00118_Acoustique_Poisson_2026-07-27.xlsx,"REGROUPÉS ENSEMBLE PROCHE DE LA POMPE À COURANT, NAGE STATIQUE ET REGULIERE"
509,B-4,,Normal,2026-06-06 12:36:00,2026-06-06 12:46:00,600,,00118_Acoustique_Poisson_2026-07-27.xlsx,2 POISSONS SÉPARÉS NAGE STATIQUE ET REGULIERE
510,B-4,,Other,2026-06-06 12:36:00,2026-06-06 12:46:00,600,,00118_Acoustique_Poisson_2026-07-27.xlsx,POISSON LÉTHARGIQUE NAGE STATIQUE  SUR LE CÔTÉ 12:46
511,B-1,,Normal,2026-06-06 13:58:00,2026-06-06 14:08:00,600,,00118_Acoustique_Poisson_2026-07-27.xlsx,NAGE STATIQUE ET REGULIERE
512,B-1,,Agitation,2026-06-06 13:58:00,2026-06-06 14:08:00,600,,00118_Acoustique_Poisson_2026-07-27.xlsx,13:59 1 POISSON LE MÊME QUE PRÈCÈDEMENT NAGE DANS LE BASSIN NAGE REGULIERE
513,B-2,,Clustering,2026-06-06 13:58:00,2026-06-06 14:08:00,600,,00118_Acoustique_Poisson_2026-07-27.xlsx,REGROUPÉ ENSEMBLE NAGE STATIQUE ET REGULIER
514,B-2,,Normal,2026-06-06 13:58:00,2026-06-06 14:08:00,600,,00118_Acoustique_Poisson_2026-07-27.xlsx,2 POISSONS SÉPARÉS DU GROUPE NAGE STATIQUE ET REGULIERE SONT SÉPARÉS DES UN DES AUTRE DANS LE GROUPE NAGE REGULIERE
515,B-3,,Normal,2026-06-06 13:58:00,2026-06-06 14:08:00,600,,00118_Acoustique_Poisson_2026-07-27.xlsx,NAGE REGULIERE ET STATIQUE
516,B-3,,Agitation,2026-06-06 13:58:00,2026-06-06 14:08:00,600,,00118_Acoustique_Poisson_2026-07-27.xlsx,"1 POISSON  LE MÊME NAGE AUTOUR DU TROP PLEIN, NAGE UN PEU PLUS ACTIVE QUE PRÉCEDEMENT "
517,B-4,,Clustering,2026-06-06 13:58:00,2026-06-06 14:08:00,600,,00118_Acoustique_Poisson_2026-07-27.xlsx,REGROUPÉS ENSEMBLE PROCHE DE LA POMPE À COURANT NAGE STATIQUE ET REGULIERE
518,B-4,,Agitation,2026-06-06 13:58:00,2026-06-06 14:08:00,600,,00118_Acoustique_Poisson_2026-07-27.xlsx,1 POISSON LE MÊME LÉTHARGIQUE NAGE STATIQUE ET SUR LE CÔTÉ
519,B-1,,Normal,2026-06-06 14:15:00,2026-06-06 14:25:00,600,,00118_Acoustique_Poisson_2026-07-27.xlsx,NAGE STATIQUE ET REGULIERE
520,B-1,,Agitation,2026-06-06 14:15:00,2026-06-06 14:25:00,600,,00118_Acoustique_Poisson_2026-07-27.xlsx,14:15 CERTAINS POISSONS SE DÉPLACENT ACTIVEMENT DANS LE BASSIN
521,B-1,,Other,2026-06-06 14:15:00,2026-06-06 14:25:00,600,,00118_Acoustique_Poisson_2026-07-27.xlsx,14:15 REMOUE EN SURFACE
522,B-1,,Agitation,2026-06-06 14:15:00,2026-06-06 14:25:00,600,,00118_Acoustique_Poisson_2026-07-27.xlsx,14:16 1 POISSON NAGE DANS LE BASSIN  MÊME POISSON QUE PRÈCÈDEMENT NAGE REGULIERE
523,B-2,,Clustering,2026-06-06 14:15:00,2026-06-06 14:25:00,600,,00118_Acoustique_Poisson_2026-07-27.xlsx,REGROUPÉS ENSEMBLES NAGE STATIQUE ET REGULIERE
524,B-2,,Normal,2026-06-06 14:15:00,2026-06-06 14:25:00,600,,00118_Acoustique_Poisson_2026-07-27.xlsx,2 POISSONS SÉPARÉS DU GROUPE REPARTIS INDIVIDUELLEMENT DANS LE BASSIN NAGE STATIQUE ET REGULIERE
525,B-2,,Agitation,2026-06-06 14:15:00,2026-06-06 14:25:00,600,,00118_Acoustique_Poisson_2026-07-27.xlsx,14:20 POURSUITE ENTRE 2 POISSONS
526,B-2,,Agitation,2026-06-06 14:15:00,2026-06-06 14:25:00,600,,00118_Acoustique_Poisson_2026-07-27.xlsx,1 POISSON NAGE DANS LE BASSIN  SORT ET REVIENS DANS LE GROUPE NAGE REGULIERE
527,B-3,,Normal,2026-06-06 14:15:00,2026-06-06 14:25:00,600,,00118_Acoustique_Poisson_2026-07-27.xlsx,NAGE STATIQUE ET REGULIERE
528,B-3 ,,Agitation,2026-06-06 14:15:00,2026-06-06 14:25:00,600,,00118_Acoustique_Poisson_2026-07-27.xlsx,14:22 NAGE ACCÉLÉRÉE D'UN POISSON
529,B-3,,Agitation,2026-06-06 14:15:00,2026-06-06 14:25:00,600,,00118_Acoustique_Poisson_2026-07-27.xlsx,1 POISSON  LE MÊME TOURNE AUTOUR  DU TROP PLEIN NAGE REGULIERE
530,B-4,,Clustering,2026-06-06 14:15:00,2026-06-06 14:25:00,600,,00118_Acoustique_Poisson_2026-07-27.xlsx,REGROUPÉS ENSEMBLE AU NIVEAU DE LA POMPE À COURANT NAGE STATIQUE ET REGULIERE
531,B-4,,Normal,2026-06-06 14:15:00,2026-06-06 14:25:00,600,,00118_Acoustique_Poisson_2026-07-27.xlsx,1 POISSON SÉPARÉ DU GROUPE NAGE STATIQUE ET REGULIERE
532,B-4,,Other,2026-06-06 14:15:00,2026-06-06 14:25:00,600,,00118_Acoustique_Poisson_2026-07-27.xlsx,1 POISSON LE MÊME LÉTHARGIQUE NAGE STATIQUE SUR LE CÔTÉ
533,B-1,,Clustering,2026-06-11 08:53:00,2026-06-11 09:03:00,600,,00118_Acoustique_Poisson_2026-07-27.xlsx,REGROUPÉS ENSEMBLE AU MÊME ENDROIT  NAGE STATIQUE ER REGULIERE
534,B-2,,Clustering,2026-06-11 08:53:00,2026-06-11 09:03:00,600,,00118_Acoustique_Poisson_2026-07-27.xlsx,REGROUPÉS ENSEMBLE AU MÊME ENDROIT  NAGE STATIQUE ER REGULIERE
535,B-2,,Normal,2026-06-11 08:53:00,2026-06-11 09:03:00,600,,00118_Acoustique_Poisson_2026-07-27.xlsx,1 POISSON SÉPARÉ  DU GROUPE NAGE STATIQUE ET REGULIERE
536,B-3,,Clustering,2026-06-11 08:53:00,2026-06-11 09:03:00,600,,00118_Acoustique_Poisson_2026-07-27.xlsx,REGROUPÉS ENSEMBLE AU MÊME ENDROIT  NAGE STATIQUE ER REGULIERE
537,B-3,,Normal,2026-06-11 08:53:00,2026-06-11 09:03:00,600,,00118_Acoustique_Poisson_2026-07-27.xlsx,3 POISSONS ENSEMBLES DE L'AUTRE CÔTÉ DU BASSIN NAGE REGULIERE MAIS SE DÉPLACE LÉGÈREMENT
538,B-4,,Clustering,2026-06-11 08:53:00,2026-06-11 09:03:00,600,,00118_Acoustique_Poisson_2026-07-27.xlsx,REGROUPÉS ENSEMBLE AU NIVEAU DE LA POMPE À COURANT NAGE STATIQUE ET REGULIERE
539,B-4,,Other,2026-06-11 08:53:00,2026-06-11 09:03:00,600,,00118_Acoustique_Poisson_2026-07-27.xlsx,1 POISSON LÉTHARGIQUE
540,B-1,,Clustering,2026-06-11 09:10:00,2026-06-11 09:20:00,600,,00118_Acoustique_Poisson_2026-07-27.xlsx,REGROUPÉS ENSEMBLE AU MÊME ENDROIT NAGE STATIQUE ET REGULIERE
541,B-1,,Agitation,2026-06-11 09:10:00,2026-06-11 09:20:00,600,,00118_Acoustique_Poisson_2026-07-27.xlsx,09:11 1 POISSON S'EST DÉPLACÉ RAPIDEMENT
542,B-1,,Normal,2026-06-11 09:10:00,2026-06-11 09:20:00,600,,00118_Acoustique_Poisson_2026-07-27.xlsx,3 POISSONS SÉPARÉS DU GROUPE SÉPARÉS LES UNS DES AUTRES NAGE STATIQUE ET REGULIERE
543,B-2,,Agitation,2026-06-11 09:10:00,2026-06-11 09:20:00,600,,00118_Acoustique_Poisson_2026-07-27.xlsx,09:13 CERTAIN POISSONS NAGE DANS LE BASSIN NAGE REGULIERE
544,B-2,,Clustering,2026-06-11 09:10:00,2026-06-11 09:20:00,600,,00118_Acoustique_Poisson_2026-07-27.xlsx,REGROUPÉS ENSEMBLE AU MÊME ENDROIT NAGE STATIQUE ET REGULIERE
545,B-2,,Normal,2026-06-11 09:10:00,2026-06-11 09:20:00,600,,00118_Acoustique_Poisson_2026-07-27.xlsx,1 POISSON SÉPARÉ DU GROUPE NAGE STATIQUE ET REGULIERE
546,B-3,,Agitation,2026-06-11 09:10:00,2026-06-11 09:20:00,600,,00118_Acoustique_Poisson_2026-07-27.xlsx,09:16:00 1 POISSON NAGE DANS LE BASSIN ET REVIENS  VERS UN PETIT GROUPE DE POISSON
547,B-3,,Normal,2026-06-11 09:10:00,2026-06-11 09:20:00,600,,00118_Acoustique_Poisson_2026-07-27.xlsx,POISSON SONT REPARTIS DANS LE BASSIN EN DIFFERENT PETIT GROUPE NAGE STATIQUE ET REGULIERE
548,B-4,,Agitation,2026-06-11 09:10:00,2026-06-11 09:20:00,600,,00118_Acoustique_Poisson_2026-07-27.xlsx,09:18 2 POISSONS EN FUITE À MON APPROCHE
549,B-4,,Clustering,2026-06-11 09:10:00,2026-06-11 09:20:00,600,,00118_Acoustique_Poisson_2026-07-27.xlsx,REGROUPÉS ENSEMBLE AU NIVEAU DE LA POMPE À COURANT NAGE STATIQUE ET REGULIERE
550,B-4,,Normal,2026-06-11 09:10:00,2026-06-11 09:20:00,600,,00118_Acoustique_Poisson_2026-07-27.xlsx,2 POISSONS SÉPARÉS DU GROUPE ET RÉPARTIS INDIVIDUELLEMENYT DANS LE BASSIN NAGE STATIQUE ET REGULIERE
551,B-4,,Other,2026-06-11 09:10:00,2026-06-11 09:20:00,600,,00118_Acoustique_Poisson_2026-07-27.xlsx,1 POISSON LÉTHARGIQUE
552,B-1,,Clustering,2026-06-11 10:32:00,2026-06-11 10:42:00,600,,00118_Acoustique_Poisson_2026-07-27.xlsx,REGROUPÉS ENSEMBLE NAGE REGULIERE ET STATIQUE
553,B-2,,Clustering,2026-06-11 10:32:00,2026-06-11 10:42:00,600,,00118_Acoustique_Poisson_2026-07-27.xlsx,REGROUPÉS ENSEMBLE NAGE STATIQUE ET REGULIERE
554,B-2,,Agitation,2026-06-11 10:32:00,2026-06-11 10:42:00,600,,00118_Acoustique_Poisson_2026-07-27.xlsx,10:33 1 POISSON DANS LE BASSIN NAGE REGULIERE
555,B-2,,Normal,2026-06-11 10:32:00,2026-06-11 10:42:00,600,,00118_Acoustique_Poisson_2026-07-27.xlsx,1 POISSON SEÉPARÉ DU GROUPE NAGE STATIQUE ET REGULIERE
556,B-2,,Other,2026-06-11 10:32:00,2026-06-11 10:42:00,600,,00118_Acoustique_Poisson_2026-07-27.xlsx,10:35 1 POISSON AGITÉ EN SURFACE ET S'EST REPLACÉ
557,B-3,,Normal,2026-06-11 10:32:00,2026-06-11 10:42:00,600,,00118_Acoustique_Poisson_2026-07-27.xlsx,RÉPARTIS DANS LE BASSIN NAGE STATIQUE ET REGULIER
558,B-3,,Agitation,2026-06-11 10:32:00,2026-06-11 10:42:00,600,,00118_Acoustique_Poisson_2026-07-27.xlsx,10:37 CERTAIN POISSON SE DÉPLACE DANS LE BASSIN NAGE REGULIERE
559,B-4,,Clustering,2026-06-11 10:32:00,2026-06-11 10:42:00,600,,00118_Acoustique_Poisson_2026-07-27.xlsx,REGROUPÉS ENSEMBLE AU NIVEAU DE LA POMPE À COURANT NAGE STATIQUE ET REGULIERE
560,B-4,,Normal,2026-06-11 10:32:00,2026-06-11 10:42:00,600,,00118_Acoustique_Poisson_2026-07-27.xlsx,2 POISSONS SÉPARÉS DU GROUPE SÉPARÉ L'UN DE L'AUTRE NAGE STATIQUE ET REGULIERE
561,B-1,,Clustering,2026-06-11 10:49:00,2026-06-11 10:59:00,600,,00118_Acoustique_Poisson_2026-07-27.xlsx,REGROUPÉS ENSEMBLE NAGE STATIQUE ET REGULIERE
562,B-2,,Agitation,2026-06-11 10:49:00,2026-06-11 10:59:00,600,,00118_Acoustique_Poisson_2026-07-27.xlsx,10:50 1 POISSON EN FUITE  A EU PEUR DE MOI
563,B-2,,Clustering,2026-06-11 10:49:00,2026-06-11 10:59:00,600,,00118_Acoustique_Poisson_2026-07-27.xlsx,REGROUPÉS ENSEMBLE NAGE STATIQUE ET REGULIERE
564,B-2,,Normal,2026-06-11 10:49:00,2026-06-11 10:59:00,600,,00118_Acoustique_Poisson_2026-07-27.xlsx,"3 POISSONS SE,PARES DU GROUPE ET SEPARE LES UNS DES AUTRES, NAGE STATIQUE ET REGULIERE"
565,B-3,,Normal,2026-06-11 10:49:00,2026-06-11 10:59:00,600,,00118_Acoustique_Poisson_2026-07-27.xlsx,RÉPARTIS DANS LE BASSIN NAGE STATIQUE ET REGULIER
566,B-4,,Clustering,2026-06-11 10:49:00,2026-06-11 10:59:00,600,,00118_Acoustique_Poisson_2026-07-27.xlsx,REGROUPÉS ENSEMBLE AU NIVEAU DE LA POMPE À COURANT NAGE STATIQUE ET REGULIERE
567,B-4,,Normal,2026-06-11 10:49:00,2026-06-11 10:59:00,600,,00118_Acoustique_Poisson_2026-07-27.xlsx,2 POISSONS SÉPARÉS DU GROUPE  SÉPARÉ L'UNS DE L'AUTRE NAGE STATIQUE ET REGULIERE
568,B-4,,Other,2026-06-11 10:49:00,2026-06-11 10:59:00,600,,00118_Acoustique_Poisson_2026-07-27.xlsx,1 POISSON LÉTHARGIQUE STATIQUE SUR LE CÔTÉ
569,B-4,,Agitation,2026-06-11 10:49:00,2026-06-11 10:59:00,600,,00118_Acoustique_Poisson_2026-07-27.xlsx,10:56 1 POISSON S'EST SÉPARÉ DU GROUPE ET Y REVIENS NAGE REGULIERE 
570,B-1,,Clustering,2026-06-11 12:01:00,2026-06-11 12:11:00,600,,00118_Acoustique_Poisson_2026-07-27.xlsx,REGROUPÉS ENSEMBLE NAGE STATIQUE ET REGULIERE
571,B-2,,Clustering,2026-06-11 12:01:00,2026-06-11 12:11:00,600,,00118_Acoustique_Poisson_2026-07-27.xlsx,REGROUPÉS ENSEMBLE NAGE STATIQUE ET REGULIERE
572,B-2,,Normal,2026-06-11 12:01:00,2026-06-11 12:11:00,600,,00118_Acoustique_Poisson_2026-07-27.xlsx,1 POISSON SÉPARÉ DU GROUPE NAGE STATIQUE ET REGULIERE
573,B-2,,Agitation,2026-06-11 12:01:00,2026-06-11 12:11:00,600,,00118_Acoustique_Poisson_2026-07-27.xlsx,12:04 1 POISSON SE DÉPLACE ET REVIENS DANS LE GROUPE NAGE REGULIERE
574,B-3,,Agitation,2026-06-11 12:01:00,2026-06-11 12:11:00,600,,00118_Acoustique_Poisson_2026-07-27.xlsx,12:05 1 POISSON S'ENFUIT CAR PEUR DE MOI ET REVIENS À SA PLACE
575,B-3,,Agitation,2026-06-11 12:01:00,2026-06-11 12:11:00,600,,00118_Acoustique_Poisson_2026-07-27.xlsx,12:06 CERTAIN POISSON SE DÉPLACE DANS LE BASSIN ET REVIENNENT À LEUR PLACE
576,B-3,,Normal,2026-06-11 12:01:00,2026-06-11 12:11:00,600,,00118_Acoustique_Poisson_2026-07-27.xlsx,"SONT RÉPARTIS DANS LE BASSIN, NAGE STATIQUE ET REGULIERE"
577,B-4,,Clustering,2026-06-11 12:01:00,2026-06-11 12:11:00,600,,00118_Acoustique_Poisson_2026-07-27.xlsx,REGROUPÉS ENSEMBLE AU NIVEAU DE LA POMPE À COURANT NAGE STATIQUE ET REGULIERE
578,B-4,,Normal,2026-06-11 12:01:00,2026-06-11 12:11:00,600,,00118_Acoustique_Poisson_2026-07-27.xlsx,2 POISSONS SÉPARÉS DU GROUPE PLACÉS INDIVIDUELLEMENT  DANS LE BASSIN NAGE STATIQUE ET REGULIERE
579,B-4,,Other,2026-06-11 12:01:00,2026-06-11 12:11:00,600,,00118_Acoustique_Poisson_2026-07-27.xlsx,1 POISSON LÉTHARGIQUE STATIQUE SUR LE CÔTÉ
580,B-1,,Agitation,2026-06-11 12:19:00,2026-06-11 12:29:00,600,,00118_Acoustique_Poisson_2026-07-27.xlsx,12:19 1 POISSON EN FUITE  A EU PEUR DE MOI MAIS EST REVENU À SA PLACE APRÈS
581,B-1,,Clustering,2026-06-11 12:19:00,2026-06-11 12:29:00,600,,00118_Acoustique_Poisson_2026-07-27.xlsx,REGROUPÉS ENSEMBLE NAGE STATIQUE ET REGULIERE
582,B-1,,Agitation,2026-06-11 12:19:00,2026-06-11 12:29:00,600,,00118_Acoustique_Poisson_2026-07-27.xlsx,12:20 1 POISSON SE SÉPARE DU GROUPE ET Y REVIENS
583,B-1,,Normal,2026-06-11 12:19:00,2026-06-11 12:29:00,600,,00118_Acoustique_Poisson_2026-07-27.xlsx,1 POISSON SÉPARÉ DU GROUPE NAGE STATIQUE ET REGULIERE
584,B-1,,Agitation,2026-06-11 12:19:00,2026-06-11 12:29:00,600,,00118_Acoustique_Poisson_2026-07-27.xlsx,12:22 1 POISSON NAGE DANS LE BASSIN  NAGE REGULIERE
585,B-2,,Agitation,2026-06-11 12:19:00,2026-06-11 12:29:00,600,,00118_Acoustique_Poisson_2026-07-27.xlsx,12:22 POISSON EN FUITE ONT EU PEUR DE MOI
586,B-2,,Clustering,2026-06-11 12:19:00,2026-06-11 12:29:00,600,,00118_Acoustique_Poisson_2026-07-27.xlsx,REGROUPÉS ENSEMBLE NAGE STATIQUE ET REGULIERE
587,B-2,,Normal,2026-06-11 12:19:00,2026-06-11 12:29:00,600,,00118_Acoustique_Poisson_2026-07-27.xlsx,2 OU 3 POISSON SÉPARÉS DU GROUPE NAGE STATIQUE ET REGULIERE
588,B-2,,Agitation,2026-06-11 12:19:00,2026-06-11 12:29:00,600,,00118_Acoustique_Poisson_2026-07-27.xlsx,12:24 2 POISSONS SE DÉPLACENT PLUS ACTIVEMENT ET SE REPLACENT OU ILS ETAIENT
589,B-2,,Agitation,2026-06-11 12:19:00,2026-06-11 12:29:00,600,,00118_Acoustique_Poisson_2026-07-27.xlsx,12:26 2 POISSONS  NAGE PLUS ACTIVEMENT ET REVIENNENT DANS LE GROUPE
590,B-3,,Agitation,2026-06-11 12:19:00,2026-06-11 12:29:00,600,,00118_Acoustique_Poisson_2026-07-27.xlsx,12:27 1 POISSON EN FUITE A EU PEUR DE MOI À MON APPROCHE
591,B-3,,Normal,2026-06-11 12:19:00,2026-06-11 12:29:00,600,,00118_Acoustique_Poisson_2026-07-27.xlsx,RÉPARTIS DANS LE BASSIN NAGE STATIQUE ET REGULIER
592,B-3,,Agitation,2026-06-11 12:19:00,2026-06-11 12:29:00,600,,00118_Acoustique_Poisson_2026-07-27.xlsx,12:29 1 POISSON NAGE PLUS ACTIVEMENT DANS LE BASSIN ET RETOURNÉ À L'ENDROIT OU IL ÉTAIT
593,B-4,,Clustering,2026-06-11 12:19:00,2026-06-11 12:29:00,600,,00118_Acoustique_Poisson_2026-07-27.xlsx,REGROUPÉS ENSEMBLE AU NIVEAU DE LA POMPE  ÀCOURANT NAGE STATIQUE ET REGULIERE
594,B-4,,Normal,2026-06-11 12:19:00,2026-06-11 12:29:00,600,,00118_Acoustique_Poisson_2026-07-27.xlsx,2 POISSONS SÉPARÉS DU GROUPE SÉPARÉS L'UN DE L'AUTRE NAGE STATIQUE E TREGULIERE
595,B-4,,Other,2026-06-11 12:19:00,2026-06-11 12:29:00,600,,00118_Acoustique_Poisson_2026-07-27.xlsx,1 POISSON LÉTHARGIQUE
596,B-1,,Clustering,2026-06-11 13:41:00,2026-06-11 13:51:00,600,,00118_Acoustique_Poisson_2026-07-27.xlsx,REGROUPÉS ENSEMBLE NAGE STATIQUE ET REGULIERE
597,B-2,,Agitation,2026-06-11 13:41:00,2026-06-11 13:51:00,600,,00118_Acoustique_Poisson_2026-07-27.xlsx,12:42 POISSONS ONT EU PEUR DE MOI  FUITE ET SE SONT REPLAÉS
598,B-2,,Clustering,2026-06-11 13:41:00,2026-06-11 13:51:00,600,,00118_Acoustique_Poisson_2026-07-27.xlsx,REGROUPÉS ENSEMBLE NAGE STATIQUE ET REGULIERE
599,B-2,,Normal,2026-06-11 13:41:00,2026-06-11 13:51:00,600,,00118_Acoustique_Poisson_2026-07-27.xlsx,2 POISSONS  SÉPARÉS DU GROUPE SÉPARÉS DE L'UN DE L'AUTRE NAGE STATIQUE ET REGULIERE
600,B-3,,Clustering,2026-06-11 13:41:00,2026-06-11 13:51:00,600,,00118_Acoustique_Poisson_2026-07-27.xlsx,REGROUPÉS ENSEMBLE NAGE STATIQUE ET REGULIERE
601,B-3,,Normal,2026-06-11 13:41:00,2026-06-11 13:51:00,600,,00118_Acoustique_Poisson_2026-07-27.xlsx,"3 POISSONS SÉPARÉS DU GROUPE, NAGE STATIQUE ET REGULIERE"
602,B-3,,Agitation,2026-06-11 13:41:00,2026-06-11 13:51:00,600,,00118_Acoustique_Poisson_2026-07-27.xlsx,"12:48 1 POISSON NAGE DANS LE BASSIN, NAGE REGULIERE PUIS ET  RETOURNÉ  AU GROUPE"
603,B-3,,Agitation,2026-06-11 13:41:00,2026-06-11 13:51:00,600,,00118_Acoustique_Poisson_2026-07-27.xlsx,13:49 PLUSIEURS POISSONS NAGENT DANS LE BASSIN NAGE REGULIERE
604,B-4,,Clustering,2026-06-11 13:41:00,2026-06-11 13:51:00,600,,00118_Acoustique_Poisson_2026-07-27.xlsx,REGROUPÉS ENSEMBLE AU NIVEAU DE LA POMPE À COURANT  NAGE STATIQUE ET REGULIERE
605,B-4,,Normal,2026-06-11 13:41:00,2026-06-11 13:51:00,600,,00118_Acoustique_Poisson_2026-07-27.xlsx,2 POISSONS SÉPARÉS DU GROUPE NAGE STATIQUE ET REGULIERE
606,B-4,,Other,2026-06-11 13:41:00,2026-06-11 13:51:00,600,,00118_Acoustique_Poisson_2026-07-27.xlsx,POISSON LÉTHARGIQUE
607,B-1,,Clustering,2026-06-11 13:58:00,2026-06-11 14:08:00,600,,00118_Acoustique_Poisson_2026-07-27.xlsx,REGROUPÉS ENSEMBLE NAGE STATIQUE ET REGULIERE
608,B-2,,Agitation,2026-06-11 13:58:00,2026-06-11 14:08:00,600,,00118_Acoustique_Poisson_2026-07-27.xlsx,13:58 2 POISSONS SE TOURNENT AUTOUR
609,B-2,,Clustering,2026-06-11 13:58:00,2026-06-11 14:08:00,600,,00118_Acoustique_Poisson_2026-07-27.xlsx,REGROUPÉS ENSEMBLE  NAGE STATIQUE ET REGULIERE
610,B-2,,Normal,2026-06-11 13:58:00,2026-06-11 14:08:00,600,,00118_Acoustique_Poisson_2026-07-27.xlsx,1 POISSON SÉPARÉ DU GROUPE NAGE STATIQUE ET REGULIERE
611,B-3,,Normal,2026-06-11 13:58:00,2026-06-11 14:08:00,600,,00118_Acoustique_Poisson_2026-07-27.xlsx,REPARTIS DANS LE BASSIN SONT SEUL OU EN GROUPE
612,B-3,,Agitation,2026-06-11 13:58:00,2026-06-11 14:08:00,600,,00118_Acoustique_Poisson_2026-07-27.xlsx,"14:01 POISSON S DIRIGE VERS L'AUTRE, L'AUTRE S'EN VA"
613,B-3,,Agitation,2026-06-11 13:58:00,2026-06-11 14:08:00,600,,00118_Acoustique_Poisson_2026-07-27.xlsx,14:02 1 POISSON NAGE DANS  LE BASSIN ACTIVEMENT
614,B-3,,Agitation,2026-06-11 13:58:00,2026-06-11 14:08:00,600,,00118_Acoustique_Poisson_2026-07-27.xlsx,14:03 CERTAIN POISSON SE DÉPLACE DANS LE BASSIN ET REDEVIENNENT STATIQUE  POUR SE  DÉPLACE DE NOUVEAU
615,B-4,,Clustering,2026-06-11 13:58:00,2026-06-11 14:08:00,600,,00118_Acoustique_Poisson_2026-07-27.xlsx,REGROUPÉS ENSEMBLE AU NIVEAU DE LA POMPE À COURANT NAGE STATIQUE ET REGULIERE
616,B-4,,Normal,2026-06-11 13:58:00,2026-06-11 14:08:00,600,,00118_Acoustique_Poisson_2026-07-27.xlsx,3 POISSONS SÉPARÉS DU GROUPE  SÉPARÉ LES UNS DES AUTRES NAGE STATIQUE ET REGULIERE
617,B-4,,Agitation,2026-06-11 13:58:00,2026-06-11 14:08:00,600,,00118_Acoustique_Poisson_2026-07-27.xlsx,14:06 2 POISSONS NAGENT PLUS ACTIVEMENT ET SE SEPARENT
618,B-4,,Other,2026-06-11 13:58:00,2026-06-11 14:08:00,600,,00118_Acoustique_Poisson_2026-07-27.xlsx,1 POISSON LÉTHARGIQUE
619,B-4,,Agitation,2026-06-11 13:58:00,2026-06-11 14:08:00,600,,00118_Acoustique_Poisson_2026-07-27.xlsx,14:08 CERTAIN POISSON SE DÉPLACE ET REVIENT DANS  LE GROUPE NAGE ACTIVE
620,B-1,,Normal,2026-06-21 09:20:00,2026-06-21 09:30:00,600,,00118_Acoustique_Poisson_2026-07-27.xlsx,nan
621,B-1,,Clustering,2026-06-21 09:20:00,2026-06-21 09:30:00,600,,00118_Acoustique_Poisson_2026-07-27.xlsx,POISSONS CALLER MAIS PRÊT À ALIMENTATION
622,B-2,,Normal,2026-06-21 09:20:00,2026-06-21 09:30:00,600,,00118_Acoustique_Poisson_2026-07-27.xlsx,NORMAL EN GROUPE DANS LE FOND
623,B-3,,Normal,2026-06-21 09:20:00,2026-06-21 09:30:00,600,,00118_Acoustique_Poisson_2026-07-27.xlsx,NORMAL EN GROUPE DANS LE FOND
624,B-4,,Normal,2026-06-21 09:20:00,2026-06-21 09:30:00,600,,00118_Acoustique_Poisson_2026-07-27.xlsx,POISSON CALME
625,B-1,,Agitation,2026-06-21 09:35:00,2026-06-21 09:45:00,600,,00118_Acoustique_Poisson_2026-07-27.xlsx,2 POISSONS SEULEMENT SE SONT ALIMENTÉ
626,B-2,,Agitation,2026-06-21 09:35:00,2026-06-21 09:45:00,600,,00118_Acoustique_Poisson_2026-07-27.xlsx,POISSONS EXCITÉ ILS CHERCHENT LA NOURRITURE DANS LE BAS DU BASSIN
627,B-3,,Agitation,2026-06-21 09:35:00,2026-06-21 09:45:00,600,,00118_Acoustique_Poisson_2026-07-27.xlsx,POISSON EXCITÉ SE BATTENT ENTRE EUX POUR LA NOURRITURE
628,B-4,,Agitation,2026-06-21 09:35:00,2026-06-21 09:45:00,600,,00118_Acoustique_Poisson_2026-07-27.xlsx,POISSONS EXCITÉ BONNE ALIMENTATION
629,B-1,,Normal,2026-06-21 10:59:00,2026-06-21 11:09:00,600,,00118_Acoustique_Poisson_2026-07-27.xlsx,COMPRTEMENT NORMAL
630,B-1,,Clustering,2026-06-21 10:59:00,2026-06-21 11:09:00,600,,00118_Acoustique_Poisson_2026-07-27.xlsx,REGROUPEMENT 
631,B-2,,Normal,2026-06-21 10:59:00,2026-06-21 11:09:00,600,,00118_Acoustique_Poisson_2026-07-27.xlsx,NORMAL 
632,B-2,,Clustering,2026-06-21 10:59:00,2026-06-21 11:09:00,600,,00118_Acoustique_Poisson_2026-07-27.xlsx,NORMAL 
633,B-3,,Normal,2026-06-21 10:59:00,2026-06-21 11:09:00,600,,00118_Acoustique_Poisson_2026-07-27.xlsx,NORMAL
634,B-3,,Clustering,2026-06-21 10:59:00,2026-06-21 11:09:00,600,,00118_Acoustique_Poisson_2026-07-27.xlsx,nan
635,B-4,,Normal,2026-06-21 10:59:00,2026-06-21 11:09:00,600,,00118_Acoustique_Poisson_2026-07-27.xlsx,NORMAL
636,B-4,,Clustering,2026-06-21 10:59:00,2026-06-21 11:09:00,600,,00118_Acoustique_Poisson_2026-07-27.xlsx,SENSIBLE MOUVEMENT
637,B-1,,Agitation,2026-06-21 11:04:00,2026-06-21 11:14:00,600,,00118_Acoustique_Poisson_2026-07-27.xlsx,ALIMENTATION MAIS DOUCEMENT
638,B-2,,Agitation,2026-06-21 11:04:00,2026-06-21 11:14:00,600,,00118_Acoustique_Poisson_2026-07-27.xlsx,AGITATION TOMBÉ DE LA MOULLÉ
639,B-3,,Agitation,2026-06-21 11:04:00,2026-06-21 11:14:00,600,,00118_Acoustique_Poisson_2026-07-27.xlsx,AGITATION ET ALIMENTATION DE TOUT LE BASSIN
640,B-1,,Normal,2026-06-21 12:38:00,2026-06-21 12:48:00,600,,00118_Acoustique_Poisson_2026-07-27.xlsx,NORMAL
641,B-2,,Normal,2026-06-21 12:38:00,2026-06-21 12:48:00,600,,00118_Acoustique_Poisson_2026-07-27.xlsx,NORMAL REGROUPÉ
642,B-3,,Normal,2026-06-21 12:38:00,2026-06-21 12:48:00,600,,00118_Acoustique_Poisson_2026-07-27.xlsx,NORMAL
643,B-4,,Normal,2026-06-21 12:38:00,2026-06-21 12:48:00,600,,00118_Acoustique_Poisson_2026-07-27.xlsx,NORMAL
644,B-1,,Agitation,2026-06-21 12:53:00,2026-06-21 13:03:00,600,,00118_Acoustique_Poisson_2026-07-27.xlsx,CLAME MAIS MANGE BIEN
645,B-2,,Agitation,2026-06-21 12:53:00,2026-06-21 13:03:00,600,,00118_Acoustique_Poisson_2026-07-27.xlsx,EXCITÉ MANGE TOUT
646,B-3,,Agitation,2026-06-21 12:53:00,2026-06-21 13:03:00,600,,00118_Acoustique_Poisson_2026-07-27.xlsx,MANGE TRÈS BIEN  EXCITÉ
647,B-4,,Agitation,2026-06-21 12:53:00,2026-06-21 13:03:00,600,,00118_Acoustique_Poisson_2026-07-27.xlsx,MANGE TRÈS BIEN EXCITÉ
648,B-1,,Normal,2026-06-21 14:17:00,2026-06-21 14:27:00,600,,00118_Acoustique_Poisson_2026-07-27.xlsx,NORMAL COLLÉ ENTRE EUX
649,B-2,,Normal,2026-06-21 14:17:00,2026-06-21 14:27:00,600,,00118_Acoustique_Poisson_2026-07-27.xlsx,NORMAL
650,B-3,,Normal,2026-06-21 14:17:00,2026-06-21 14:27:00,600,,00118_Acoustique_Poisson_2026-07-27.xlsx,NORMAL
651,B-4 ,,Normal,2026-06-21 14:17:00,2026-06-21 14:27:00,600,,00118_Acoustique_Poisson_2026-07-27.xlsx,NORMAL
652,B-1,,Agitation,2026-06-21 14:32:00,2026-06-21 14:42:00,600,,00118_Acoustique_Poisson_2026-07-27.xlsx,MANGE BIEN PAS DE MOUVEMENT 
653,B-1,,Normal,2026-06-21 14:32:00,2026-06-21 14:42:00,600,,00118_Acoustique_Poisson_2026-07-27.xlsx,POISSONS AU FOND DU BASSIN CALME
654,B-2,,Agitation,2026-06-21 14:32:00,2026-06-21 14:42:00,600,,00118_Acoustique_Poisson_2026-07-27.xlsx,MANGE BIEN PEU DE NOURRITURE EST TOMBÉ
655,B-3,,Agitation,2026-06-21 14:32:00,2026-06-21 14:42:00,600,,00118_Acoustique_Poisson_2026-07-27.xlsx,EXCITÉ MANGE TRÈS BIEN 
656,B-4,,Agitation,2026-06-21 14:32:00,2026-06-21 14:42:00,600,,00118_Acoustique_Poisson_2026-07-27.xlsx,MANGE TRÈS BIEN EXCITÉ PEU DE NOURRITURE
